date,flow_agg_usd,aum_total,dollar_volume_total,aum_total_lag,FlowShock,Turnover,btc_open_intraday,btc_close_intraday,btc_close_et,btc_prev_close_et,ret_close_close,ret_intraday,ret_overnight,rv_intraday,rv_overnight,is_fomc,is_cpi
2024-01-11,750.4,750.4,0.0,,,,47717.56,46304.2,46304.2,,,-0.0300667946004277,,0.000957184016842,0.0005775392401952,,
2024-01-12,687.1,687.1,0.0,750.4,0.9156449893390193,0.0,45751.11,43716.85,43716.85,46304.2,-0.0574990584136686,-0.0454824424149393,-0.0120166159987293,0.0008263023608892,0.0013341998407336,,
2024-01-16,541.7,541.7,0.0,687.1,0.7883859700189202,0.0,42894.4,43297.65,43297.65,42888.45,0.0094958021026862,0.0093570797354638,0.0001387223672223,0.0003595364966604,0.00023344164789,,
2024-01-17,914.4000000000001,914.4000000000001,0.0,541.7,1.6880191988185342,0.0,42501.22,42636.24,42636.24,43297.65,-0.0153937651613928,0.0031718144562058,-0.0185655796175986,0.0002084564172001,0.0002241609270761,,
2024-01-18,455.70000000000005,455.70000000000005,0.0,914.4000000000001,0.4983595800524934,0.0,42570.38,40899.19,40899.19,42636.24,-0.0415943374052556,-0.0400484478225945,-0.001545889582661,0.0004021129742181,0.0003075788222504,,
2024-01-19,634.0,634.0,0.0,455.70000000000005,1.391266183892912,0.0,41097.55,41711.99,41711.99,40899.19,0.019678359000285,0.014840108432149,0.0048382505681359,0.0004710773266334,0.0002194254359124,,
2024-01-22,553.1,553.1,0.0,634.0,0.8723974763406941,0.0,40562.45,40149.63,40149.63,41622.63,-0.0360307848344859,-0.0102295368896934,-0.0258012479447924,0.000495732162689,0.0005250249775913,,
2024-01-23,409.19999999999993,409.19999999999993,0.0,553.1,0.7398300488157655,0.0,38801.1,39275.99,39275.99,40149.63,-0.0219998342096169,0.0121647939557756,-0.0341646281653926,0.0003835683419813,0.0006252811441962,,
2024-01-24,271.0,271.0,0.0,409.19999999999993,0.6622678396871946,0.0,40006.01,39618.31,39618.31,39275.99,0.0086779944374118,-0.0097383076915247,0.0184163021289365,0.0002268768738743,0.0002630860941542,,
2024-01-25,314.29999999999995,314.29999999999995,0.0,271.0,1.1597785977859776,0.0,40001.37,39880.69,39880.69,39618.31,0.0066008617136677,-0.0030214566777399,0.0096223183914076,0.0001799319005912,0.0001889225635593,,
2024-01-26,269.9,269.9,0.0,314.29999999999995,0.8587336939230036,0.0,41154.04,41955.47,41955.47,39880.69,0.0507165708884533,0.0192867180343814,0.0314298528540718,0.000258679598369,0.000339958731749,,
2024-01-29,446.79999999999995,446.79999999999995,0.0,269.9,1.6554279362726936,0.0,41965.69,43105.44,43105.44,41951.09,0.0271447913531929,0.0267968275693749,0.000347963783818,0.0002086262497549,0.0002223636919822,,
2024-01-30,468.0,468.0,0.0,446.79999999999995,1.0474485228290065,0.0,43382.13,43602.16,43602.16,43105.44,0.0114574831699474,0.0050590852507602,0.0063983979191872,0.000158435905824,0.0003263879045367,,
2024-01-31,385.3,385.3,0.0,468.0,0.8232905982905984,0.0,42716.25,42513.82,42513.82,43602.16,-0.025277490869714,-0.0047502103575449,-0.020527280512169,0.0003414138565826,0.0003475726727666,,
2024-02-01,220.5,220.5,0.0,385.3,0.5722813392161952,0.0,42385.57,42999.41,42999.41,42513.82,0.0113571951266476,0.0143784205454258,-0.0030212254187782,0.0001916857151745,0.0002055769667242,,
2024-02-02,224.60000000000002,224.60000000000002,0.0,220.5,1.0185941043083901,0.0,42803.23,42959.88,42959.88,42999.41,-0.0009197377685785,0.0036530898706603,-0.0045728276392388,0.0001459620365313,0.0001690526976162,,
2024-02-05,176.0,176.0,0.0,224.60000000000002,0.7836153161175422,0.0,43371.15,42397.1,42397.1,42914.16,-0.0121218777305771,-0.0227145098482649,0.0105926321176877,0.0001355222631036,0.0001456054071447,,
2024-02-06,106.30000000000001,106.30000000000001,0.0,176.0,0.6039772727272728,0.0,42920.12,43120.29,43120.29,42397.1,0.0169136883231975,0.004652938337629,0.0122607499855684,9.22114155943698e-05,0.0001713042971526,,
2024-02-07,226.8,226.8,0.0,106.30000000000001,2.1335841956726247,0.0,43155.99,44163.71,44163.71,43120.29,0.0239097591255658,0.0230821851495549,0.0008275739760108,0.000184496862386,0.0001832193368145,,
2024-02-08,506.6,506.6,0.0,226.8,2.2336860670194003,0.0,44983.56,45441.1,45441.1,44163.71,0.0285135707452402,0.0101198921798658,0.0183936785653744,0.000183246244718,0.0002958254195255,,
2024-02-09,610.7,610.7,0.0,506.6,1.2054875641531781,0.0,46970.7,47550.01,47550.01,45441.1,0.0453650174299474,0.012257996238809,0.0331070211911383,0.0003116935157924,0.000546730240404,,
2024-02-12,609.2,609.2,0.0,610.7,0.9975438021942034,0.0,48178.63,50100.0,50100.0,48064.0,0.0414875519491495,0.0391054463436616,0.0023821056054879,0.0003984100492842,0.0002443551773583,,
2024-02-13,709.1,709.1,0.0,609.2,1.1639855548260012,0.0,48855.86,49361.09,49361.09,50100.0,-0.0148585460794824,0.0102881316587156,-0.025146677738198,0.0002718049993736,0.0004799909409307,,
2024-02-14,508.4,508.4,0.0,709.1,0.7169651671132421,0.0,51733.23,51620.51,51620.51,49361.09,0.0447566121218402,-0.0021812475231564,0.0469378596449967,0.0002810774098258,0.0005786489583538,,
2024-02-15,652.0,652.0,0.0,508.4,1.2824547600314713,0.0,52453.62,51627.1,51627.1,51620.51,0.0001276542867954,-0.0158826221531815,0.016010276439977,0.0002498147653874,0.0003310546129542,,
2024-02-16,480.7,480.7,0.0,652.0,0.7372699386503068,0.0,52178.7,51838.04,51838.04,51627.1,0.0040775142673068,-0.0065501229508889,0.0106276372181957,0.0001778490488661,0.0002165735301957,,
2024-02-20,272.6,272.6,0.0,480.7,0.5670896609111713,0.0,52254.0,51993.99,51993.99,51780.01,0.0041239675306916,-0.0049883079598344,0.009112275490526,0.0002986656871743,0.0003326143843417,,
2024-02-21,163.7,163.7,0.0,272.6,0.6005135730007336,0.0,50978.0,51006.37,51006.37,51993.99,-0.0191776080933135,0.000556359778107,-0.0197339678714206,0.0001858597867627,0.0003820579881686,,
2024-02-22,307.1,307.1,0.0,163.7,1.87599266951741,0.0,51092.31,51911.11,51911.11,51006.37,0.0175823058881783,0.0158988361254613,0.001683469762717,0.000169069110785,0.0003045081248591,,
2024-02-23,276.7,276.7,0.0,307.1,0.9010094431781178,0.0,51293.42,51088.39,51088.39,51911.11,-0.0159755629437728,-0.0040052090129237,-0.011970353930849,0.0001507449229655,0.0001787811361329,,
2024-02-26,542.3,542.3,0.0,276.7,1.9598843512829778,0.0,51400.0,54388.61,54388.61,51753.1,0.0496704232069066,0.0565165844787721,-0.0068461612718654,0.0005245073492006,0.0005560529641792,,
2024-02-27,702.5,702.5,0.0,542.3,1.2954084455098656,0.0,56858.33,56897.46,56897.46,54388.61,0.0450959434772067,0.0006879650089605,0.0444079784682462,0.0003580665931591,0.0004421803231316,,
2024-02-28,893.2,893.2,0.0,702.5,1.271459074733096,0.0,60121.12,60357.98,60357.98,56897.46,0.059042467051117,0.0039319733491159,0.0551104937020011,0.0037239678617341,0.0012504788827431,,
2024-02-29,692.6999999999999,692.6999999999999,0.0,893.2,0.7755261979399909,0.0,63229.99,61822.14,61822.14,60357.98,0.0239683852655359,-0.0225171611839824,0.0464855464495183,0.0007066917287833,0.0010820621687472,,
2024-03-01,354.6,354.6,0.0,692.6999999999999,0.5119099177132959,0.0,62402.11,62610.0,62610.0,61822.14,0.0126634570234677,0.0033259208509569,0.0093375361725108,0.0003561999994827,0.000489818094138,,
2024-03-04,965.3000000000001,965.3000000000001,0.0,354.6,2.7222222222222223,0.0,65515.15,67397.96,67397.96,62768.81,0.0711564563491604,0.0283333367919514,0.0428231195572089,0.0006120279552892,0.0010470435823276,,
2024-03-05,995.0,995.0,0.0,965.3000000000001,1.0307676370040402,0.0,67653.99,61917.85,61917.85,67397.96,-0.0848062439414709,-0.0885978264654695,0.0037915825239985,0.0034523196107983,0.0018078249591295,,
2024-03-06,608.2,608.2,0.0,995.0,0.6112562814070353,0.0,66983.19,66830.0,66830.0,61917.85,0.0763435750665595,-0.0022896108660521,0.0786331859326117,0.0007178008484256,0.0015593924696269,,
2024-03-07,847.3,847.3,0.0,608.2,1.3931272607694836,0.0,67239.99,67480.35,67480.35,66830.0,0.0096843628633295,0.0035682845669037,0.0061160782964257,0.0005589117942498,0.0004376153942417,,
2024-03-08,533.5,533.5,0.0,847.3,0.6296471143632716,0.0,68073.0,69041.09,69041.09,67480.35,0.0228653902132507,0.0141211758323166,0.0087442143809341,0.0014020525554803,0.0003320734430866,,
2024-03-11,1009.2,1009.2,0.0,533.5,1.8916588566073103,0.0,72164.8,71962.71,71962.71,69388.04,0.0364335498166758,-0.0028043242048687,0.0392378740215446,0.0003210883042061,0.0007090014298884,,
2024-03-12,1143.7,1143.7,0.0,1009.2,1.1332738803012288,0.0,72308.0,71310.09,71310.09,71962.71,-0.009110236049732,-0.0138969409781143,0.0047867049283822,0.0010305773871898,0.0005183576318037,,
2024-03-13,960.2,960.2,0.0,1143.7,0.8395558275771619,0.0,72741.94,73250.98,73250.98,71310.09,0.0268537945127775,0.0069735171113834,0.0198802774013941,0.00033266971898,0.0003343134753282,,
2024-03-14,389.79999999999995,389.79999999999995,0.0,960.2,0.4059570922724432,0.0,72592.0,69605.04,69605.04,73250.98,-0.051054648135546,-0.0420177444098829,-0.0090369037256631,0.0011325208898879,0.0015482041202366,,
2024-03-15,338.20000000000005,338.20000000000005,0.0,389.79999999999995,0.8676244227809135,0.0,67494.41,68885.96,68885.96,69605.04,-0.0103845948416757,0.0204076040357161,-0.0307921988773919,0.0007377753360384,0.002034039703967,,
2024-03-18,488.2,488.2,0.0,338.20000000000005,1.4435245416913067,0.0,68043.15,67066.58,67066.58,68476.32,-0.0208021347616559,-0.0144562054421981,-0.0063459293194578,0.0004766536672255,0.0008296454076073,,
2024-03-19,117.30000000000001,117.30000000000001,0.0,488.2,0.240270380991397,0.0,63605.64,64461.1,64461.1,67066.58,-0.0396239162220133,0.0133597954285177,-0.052983711650531,0.0006895177278012,0.0023184748692751,,
2024-03-20,135.3,135.3,0.0,117.30000000000001,1.1534526854219949,0.0,63355.82,65672.54,65672.54,64461.1,0.0186189366064752,0.0359141045868952,-0.0172951679804199,0.0010701164448245,0.0014926186547604,,
2024-03-21,264.8,264.8,0.0,135.3,1.9571322985957131,0.0,67391.99,65094.26,65094.26,65672.54,-0.0088445044104508,-0.0346897948418045,0.0258452904313536,0.0005565852191617,0.0008807577619866,,
2024-03-22,118.3,118.3,0.0,264.8,0.4467522658610272,0.0,64090.01,63922.71,63922.71,65094.26,-0.0181616759788947,-0.0026138042414702,-0.0155478717374244,0.0006674976584178,0.0008675783022899,,
2024-03-25,365.5,365.5,0.0,118.3,3.0896027049873203,0.0,67028.21,71091.6,71091.6,65802.06,0.0773180415376919,0.0588556108171846,0.0184624307205073,0.0005425862700284,0.0004692085709984,,
2024-03-26,630.3,630.3,0.0,365.5,1.724487004103967,0.0,70716.42,69490.0,69490.0,71091.6,-0.0227863290435553,-0.0174949375498608,-0.0052913914936945,0.0004909038917156,0.0003945590306565,,
2024-03-27,543.3,543.3,0.0,630.3,0.8619704902427415,0.0,71641.2,68712.0,68712.0,69490.0,-0.0112590008623123,-0.0417464710070611,0.0304874701447488,0.0007974204662629,0.0003884079980594,,
2024-03-28,287.7,287.7,0.0,543.3,0.5295416896742131,0.0,70948.0,70784.0,70784.0,68712.0,0.0297091299958913,-0.002314227883525,0.0320233578794164,0.0002678409374322,0.0002843794081975,,
2024-04-01,217.2,217.2,0.0,287.7,0.7549530761209593,0.0,70001.08,69631.98,69631.98,71107.1,-0.0209632466074891,-0.0052867259326517,-0.0156765206748374,0.0002521929900953,0.0007641148993428,,
2024-04-02,208.9,208.9,0.0,217.2,0.9617863720073666,0.0,64876.71,65870.97,65870.97,69631.98,-0.0555261160495351,0.015209128999402,-0.0707352450489372,0.0005469999591782,0.0008476705134732,,
2024-04-03,188.60000000000002,188.60000000000002,0.0,208.9,0.9028243178554333,0.0,65656.12,65803.99,65803.99,65870.97,-0.0010173537288649,0.0022496567569224,-0.0032670104857873,0.000294964589396,0.0003736846455626,,
2024-04-04,292.7,292.7,0.0,188.60000000000002,1.5519618239660655,0.0,67389.99,68542.88,68542.88,65803.99,0.0407790600317889,0.0169630442543597,0.0238160157774292,0.0003058951606956,0.000462129179237,,
2024-04-05,401.9,401.9,0.0,292.7,1.3730782371028356,0.0,66946.01,67380.03,67380.03,68542.88,-0.0171108516082227,0.0064622095670217,-0.0235730611752444,0.0002986041683568,0.0005536684906993,,
2024-04-08,79.5,79.5,0.0,401.9,0.19781040059716348,0.0,72101.16,71704.01,71704.01,69043.24,0.0378136985269193,-0.0055234594097996,0.0433371579367189,0.0002304892737892,0.0004492486725457,,
2024-04-09,135.5,135.5,0.0,79.5,1.7044025157232705,0.0,70709.0,69029.93,69029.93,71704.01,-0.0380064948542759,-0.0240326845818893,-0.0139738102723865,0.0004604174647126,0.0004361056290633,,
2024-04-10,141.2,141.2,0.0,135.5,1.0420664206642065,0.0,67606.82,69983.99,69983.99,69029.93,0.0137263229415354,0.0345576360704697,-0.0208313131289343,0.0003650869219032,0.0005300375820559,,
2024-04-11,216.2,216.2,0.0,141.2,1.5311614730878187,0.0,70696.67,70500.76,70500.76,69983.99,0.0073569882974177,-0.0027749814669775,0.0101319697643952,0.0003168159838562,0.0003921411330568,,
2024-04-12,111.1,111.1,0.0,216.2,0.5138760407030527,0.0,70200.0,66783.65,66783.65,70500.76,-0.0541651997971381,-0.0498900209269419,-0.0042751788701962,0.0009687271457025,0.0004089210785149,,
2024-04-15,73.4,73.4,0.0,111.1,0.6606660666066607,0.0,66114.39,63439.01,63439.01,64162.31,-0.0113369947423026,-0.0413074517097075,0.0299704569674049,0.0007968052745713,0.0007106956882715,,
2024-04-16,34.3,34.3,0.0,73.4,0.4673024523160762,0.0,63219.0,62706.03,62706.03,63439.01,-0.011621356645061,-0.0081472736197608,-0.0034740830253002,0.0007042995986951,0.0009957957634116,,
2024-04-17,18.1,18.1,0.0,34.3,0.5276967930029155,0.0,62343.14,61075.55,61075.55,62706.03,-0.0263459928388417,-0.0205420195906335,-0.0058039732482082,0.0010377002943442,0.0006561719437955,,
2024-04-18,85.69999999999999,85.69999999999999,0.0,18.1,4.734806629834253,0.0,62362.3,63395.03,63395.03,61075.55,0.0372738447786569,0.0164245410767486,0.0208493037019082,0.0005299782425736,0.0013717797018166,,
2024-04-19,107.3,107.3,0.0,85.69999999999999,1.252042007001167,0.0,64549.73,64272.93,64272.93,63395.03,0.0137530800625481,-0.0042973872140878,0.018050467276636,0.0005217917702369,0.0013802020667428,,
2024-04-22,97.2,97.2,0.0,107.3,0.9058713886300094,0.0,66088.13,66500.01,66500.01,64400.01,0.032088309647938,0.0062129437052632,0.0258753659426747,0.0001735403736871,0.000310414325023,,
2024-04-23,100.69999999999999,100.69999999999999,0.0,97.2,1.0360082304526748,0.0,66093.25,66434.0,66434.0,66500.01,-0.0009931244145188,0.0051423499830014,-0.0061354743975203,0.0001556528065978,0.0002051373810111,,
2024-04-24,9.8,9.8,0.0,100.69999999999999,0.09731876861966238,0.0,66017.96,64171.53,64171.53,66434.0,-0.0346493192277809,-0.0283671718248481,-0.0062821474029327,0.0003498460938527,0.0003279119184039,,
2024-04-25,1.9,1.9,0.0,9.8,0.19387755102040813,0.0,63143.5,64800.01,64800.01,64171.53,0.0097461032837676,0.0258958437131707,-0.016149740429403,0.0002667371007742,0.0004337752973897,,
2024-04-26,5.4,5.4,0.0,1.9,2.842105263157895,0.0,63835.99,63864.58,63864.58,64800.01,-0.0145408535781237,0.0004477662155726,-0.0149886197936964,0.0002279751252826,0.0003816047498783,,
2024-04-29,11.3,11.3,0.0,5.4,2.0925925925925926,0.0,62566.0,63003.56,63003.56,63699.99,-0.0109931728607067,0.0069692331649541,-0.0179624060256608,0.0001939992305483,0.0004696009642102,,
2024-04-30,3.6,3.6,0.0,11.3,0.3185840707964602,0.0,61137.36,59674.13,59674.13,63003.56,-0.0542926395823254,-0.0242245427933901,-0.0300680967889352,0.0005207468105075,0.0008135822936782,,
2024-05-02,20.5,20.5,0.0,3.6,5.694444444444445,0.0,58721.09,59287.75,59287.75,57162.0,0.0365133659825719,0.0096037611309938,0.0269096048515781,0.000347771535679,0.0006285831826874,,
2024-05-03,378.3,378.3,0.0,20.5,18.453658536585365,0.0,61344.01,61983.94,61983.94,59287.75,0.0444726112971078,0.0103777893540286,0.0340948219430792,0.0002494609749381,0.000684193508449,,
2024-05-06,217.0,217.0,0.0,378.3,0.5736188210415014,0.0,63558.13,63212.49,63212.49,63864.74,-0.0102655011894734,-0.0054530120066697,-0.0048124891828037,0.0003102642378841,0.0005014271006885,,
2024-05-07,12.899999999999999,12.899999999999999,0.0,217.0,0.059447004608294926,0.0,63605.79,63015.88,63015.88,63212.49,-0.0031151500885981,-0.0093177458173108,0.0062025957287126,0.000196634547001,0.0004108383334815,,
2024-05-08,11.5,11.5,0.0,12.899999999999999,0.8914728682170544,0.0,62062.0,62191.49,62191.49,63015.88,-0.0131685844563162,0.00208428828644,-0.0152528727427562,0.0002098992219791,0.0004619442699817,,
2024-05-09,32.1,32.1,0.0,11.5,2.7913043478260873,0.0,61414.22,62426.11,62426.11,62191.49,0.0037654436807407,0.0163422129152887,-0.0125767692345479,0.0002039912238676,0.0003138075738534,,
2024-05-10,18.3,18.3,0.0,32.1,0.5700934579439252,0.0,62884.01,60637.44,60637.44,62426.11,-0.0290710932612142,-0.0363793942680761,0.0073083010068618,0.0004785114528801,0.0002429057977864,,
2024-05-13,66.0,66.0,0.0,18.3,3.6065573770491803,0.0,62736.0,63125.01,63125.01,61422.87,0.0273348046400279,0.0061816004613772,0.0211532041786507,0.0002048795917797,0.0003802335597046,,
2024-05-14,151.4,151.4,0.0,66.0,2.293939393939394,0.0,62017.4,61594.25,61594.25,63125.01,-0.0245485239845598,-0.006846468806102,-0.0177020551784577,0.0002385391671684,0.0003795741772407,,
2024-05-15,303.0,303.0,0.0,151.4,2.0013210039630116,0.0,64187.21,65992.15,65992.15,61594.25,0.0689672735318424,0.0277318258936965,0.0412354476381458,0.0003310983061309,0.0006806592835289,,
2024-05-16,257.3,257.3,0.0,303.0,0.8491749174917492,0.0,66036.63,65196.0,65196.0,65992.15,-0.0121376782012491,-0.0128114707135001,0.000673792512251,0.0002304128809918,0.0002338461500489,,
2024-05-17,221.5,221.5,0.0,257.3,0.8608628060629615,0.0,66274.02,66920.01,66920.01,65196.0,0.0260999081933833,0.0097000603578854,0.0163998478354978,0.0001892736737739,0.0001974513428481,,
2024-05-20,237.2,237.2,0.0,221.5,1.070880361173815,0.0,67039.99,70334.21,70334.21,66090.09,0.0622394979244265,0.0479690021761136,0.0142704957483128,0.0003540957412152,0.0005428953427057,,
2024-05-21,315.8,315.8,0.0,237.2,1.3313659359190557,0.0,70881.23,69255.98,69255.98,70334.21,-0.0154488140554649,-0.0231961642896092,0.0077473502341442,0.0002671714097149,0.0002735320711412,,
2024-05-22,170.1,170.1,0.0,315.8,0.53863204559848,0.0,69744.4,69686.87,69686.87,69255.98,0.0062024261250414,-0.0008252094851418,0.0070276356101833,0.0002693720679471,0.0002721359980499,,
2024-05-23,121.6,121.6,0.0,170.1,0.7148736037624926,0.0,69362.01,66592.04,66592.04,69686.87,-0.0454268703710322,-0.0407542604073537,-0.0046726099636784,0.0004127909082997,0.0006051468088577,,
2024-05-24,251.89999999999998,251.89999999999998,0.0,121.6,2.0715460526315788,0.0,67375.03,69146.02,69146.02,66592.04,0.0376354495329586,0.0259460259186768,0.0116894236142817,0.0001815437675173,0.0001855945509969,,
2024-05-28,150.2,150.2,0.0,251.89999999999998,0.5962683604605002,0.0,68350.01,68430.01,68430.01,69205.32,-0.0112662671821998,0.0011697616234048,-0.0124360288056047,0.0002606378246222,0.0002543195311127,,
2024-05-29,59.400000000000006,59.400000000000006,0.0,150.2,0.3954727030625833,0.0,67868.74,67283.59,67283.59,68430.01,-0.0168950977616713,-0.0086591723023846,-0.0082359254592866,0.0001602104556911,0.0002169654590143,,
2024-05-30,148.7,148.7,0.0,59.400000000000006,2.503367003367003,0.0,68197.13,68524.0,68524.0,67283.59,0.0182676755307514,0.0047815670157095,0.0134861085150419,0.0001894022993731,0.0002331328185013,,
2024-05-31,175.0,175.0,0.0,148.7,1.1768661735036987,0.0,68734.67,67753.12,67753.12,68524.0,-0.0113135385082304,-0.0143832195043753,0.0030696809961448,0.0002198426685309,0.0001808562939684,,
2024-06-03,105.1,105.1,0.0,175.0,0.6005714285714285,0.0,69745.97,69180.0,69180.0,67739.29,0.021045437426171,-0.0081478377454744,0.0291932751716454,0.000225767994883,0.0001988318475928,,
2024-06-04,886.5999999999999,886.5999999999999,0.0,105.1,8.435775451950523,0.0,69421.1,70373.4,70373.4,69180.0,0.017103547346021,0.0136244949692999,0.0034790523767211,0.0002542526532421,0.0002108618083721,,
2024-06-05,488.1,488.1,0.0,886.5999999999999,0.5505301150462442,0.0,71002.99,71320.04,71320.04,70373.4,0.0133620029922343,0.0044553650166201,0.0089066379756142,0.0001858003745359,0.0001706453835133,,
2024-06-06,355.0,355.0,0.0,488.1,0.7273099774636345,0.0,71090.91,70432.01,70432.01,71320.04,-0.0125295065223193,-0.0093116332097054,-0.0032178733126138,0.0001145796845684,0.0001311958629834,,
2024-06-07,175.20000000000002,175.20000000000002,0.0,355.0,0.4935211267605634,0.0,71340.0,69247.99,69247.99,70432.01,-0.0169537279495102,-0.0297630605552969,0.0128093326057866,0.0003041490415421,0.000284886897352,,
2024-06-10,13.899999999999999,13.899999999999999,0.0,175.20000000000002,0.07933789954337898,0.0,69298.49,69463.99,69463.99,69723.45,-0.0037282142775532,0.002385372162195,-0.0061135864397483,9.52686697785978e-05,0.000271792668511,,
2024-06-11,0.0,0.0,0.0,13.899999999999999,0.0,0.0,67195.98,67312.93,67312.93,69463.99,-0.0314561457875347,0.0017389187001785,-0.0331950644877133,0.0002432771168013,0.000331359946331,,
2024-06-12,100.8,100.8,0.0,0.0,inf,,69175.0,67469.78,67469.78,67312.93,0.0023274509142168,-0.0249597317474347,0.0272871826616515,0.0004002992104241,0.0005494681196029,,
2024-06-13,18.2,18.2,0.0,100.8,0.18055555555555555,0.0,67996.02,66643.98,66643.98,67469.78,-0.0123150739608122,-0.0200844540866867,0.0077693801258744,0.000227967012499,0.0002714721223442,,
2024-06-14,1.5,1.5,0.0,18.2,0.08241758241758242,0.0,67299.93,65504.01,65504.01,66643.98,-0.0172533578234422,-0.02704783438997,0.0097944765665278,0.0002913088154074,0.0002194868781343,,
2024-06-17,2.9,2.9,0.0,1.5,1.9333333333333333,0.0,65609.49,66751.24,66751.24,66562.52,0.0028312175136561,0.0172525237655682,-0.014421306251912,0.0002162312792095,0.0004819629600875,,
2024-06-18,0.0,0.0,0.0,2.9,0.0,0.0,64822.01,64326.43,64326.43,66751.24,-0.0370022851072133,-0.0076746174008638,-0.0293276677063495,0.0003660797364459,0.0003647957848304,,
2024-06-20,1.5,1.5,0.0,0.0,inf,,65274.02,65080.13,65080.13,64909.99,0.002617738904431,-0.0029748211773351,0.0055925600817662,0.0001525929020708,0.0001887498321839,,
2024-06-21,1.9,1.9,0.0,1.5,1.2666666666666666,0.0,63608.01,64349.99,64349.99,65080.13,-0.0112825012483612,0.0115973728298689,-0.0228798740782301,0.0001879429951456,0.0002287637524338,,
2024-06-24,0.0,0.0,0.0,1.9,0.0,0.0,61280.0,59572.15,59572.15,64152.01,-0.0740672404025914,-0.0282653424504263,-0.045801897952165,0.0005064923235121,0.0006858955393591,,
2024-06-25,67.5,67.5,0.0,0.0,inf,,61182.02,62075.95,62075.95,59572.15,0.0411704523628747,0.0145052798411634,0.0266651725217113,0.0002457405624031,0.0002500128603199,,
2024-06-26,26.3,26.3,0.0,67.5,0.38962962962962966,0.0,61501.06,61024.01,61024.01,62075.95,-0.0170912420568363,-0.0077870171483476,-0.0093042249084886,0.0001737699679309,0.0001773287862089,,
2024-06-27,23.200000000000003,23.200000000000003,0.0,26.3,0.88212927756654,0.0,61630.0,61484.02,61484.02,61024.01,0.0075099103625644,-0.0023714613236392,0.0098813716862037,0.000129514806494,0.0002120393168553,,
2024-06-28,125.2,125.2,0.0,23.200000000000003,5.396551724137931,0.0,61466.03,60203.19,60203.19,61484.02,-0.0210519627064368,-0.0207593235390938,-0.0002926391673429,0.0001885451533593,0.0001668763012643,,
2024-07-01,129.5,129.5,0.0,125.2,1.0343450479233227,0.0,62986.01,63190.88,63190.88,62032.11,0.0185078327372395,0.0032473487028274,0.015260484034412,0.0001466904630231,0.0001355968838982,,
2024-07-02,25.5,25.5,0.0,129.5,0.1969111969111969,0.0,62950.99,61964.0,61964.0,63190.88,-0.019606415698432,-0.0158029158898509,-0.003803499808581,0.0001509401094969,0.0002059254193865,,
2024-07-03,6.5,6.5,0.0,25.5,0.2549019607843137,0.0,60424.95,59740.2,59740.2,61964.0,-0.036548410621114,-0.011396938494129,-0.025151472126985,0.0001538128951167,0.0007520497210916,,
2024-07-05,171.70000000000002,171.70000000000002,0.0,6.5,26.415384615384617,0.0,55434.45,56478.62,56478.62,58283.63,-0.0314591054468062,0.0186609178133467,-0.0501200232601529,0.0003714789536499,0.0011483286883786,,
2024-07-08,294.79999999999995,294.79999999999995,0.0,171.70000000000002,1.7169481654047754,0.0,57344.01,56456.0,56456.0,57114.0,-0.011587696798694,-0.0156068180400817,0.0040191212413876,0.0008299145900993,0.0010267334644861,,
2024-07-09,258.6,258.6,0.0,294.79999999999995,0.8772048846675714,0.0,57204.68,57836.0,57836.0,56456.0,0.0241498454673507,0.0109757059452342,0.0131741395221164,0.0003488767625026,0.000428148165435,,
2024-07-10,155.6,155.6,0.0,258.6,0.6017014694508893,0.0,57974.1,57427.43,57427.43,57836.0,-0.0070893554215854,-0.0094742953440737,0.0023849399224883,0.0001962860936329,0.0006611067085958,,
2024-07-11,116.6,116.6,0.0,155.6,0.7493573264781491,0.0,58860.01,57367.43,57367.43,57427.43,-0.0010453430661217,-0.0256851920218049,0.0246398489556831,0.0002501194390159,0.0006183230309012,,
2024-07-12,310.1,310.1,0.0,116.6,2.6595197255574616,0.0,57586.77,57642.01,57642.01,57367.43,0.0047749214620808,0.0009587883206216,0.0038161331414591,0.000202900709792,0.0002847681491315,,
2024-07-15,300.9,300.9,0.0,310.1,0.9703321509190582,0.0,62778.0,63380.0,63380.0,59906.96,0.0563556622352374,0.0095436606358093,0.0468120015994281,0.0002887739270184,0.0004401045674996,,
2024-07-16,422.5,422.5,0.0,300.9,1.4041209704220672,0.0,63778.0,65102.84,65102.84,63380.0,0.0268198191922101,0.0205598701571504,0.0062599490350596,0.0003646131498251,0.0006755626014285,,
2024-07-17,113.2,113.2,0.0,422.5,0.26792899408284027,0.0,64670.02,64558.0,64558.0,65102.84,-0.0084041289074732,-0.001733680173351,-0.0066704487341221,0.0002796161412056,0.0004174788600527,,
2024-07-18,107.3,107.3,0.0,113.2,0.9478798586572438,0.0,64908.0,63577.37,63577.37,64558.0,-0.015306455129604,-0.0207132932593826,0.0054068381297785,0.0002424557238316,0.0001997621797786,,
2024-07-19,427.2,427.2,0.0,107.3,3.9813606710158433,0.0,64148.95,66980.0,66980.0,63577.37,0.0521364779481509,0.0431863443261315,0.0089501336220194,0.0003345813304776,0.0002417297106727,,
2024-07-22,572.0,572.0,0.0,427.2,1.3389513108614233,0.0,67540.01,68162.0,68162.0,67409.35,0.0111034924809951,0.0091670617957564,0.0019364306852387,0.0002118266428168,0.0002660392649952,,
2024-07-23,71.9,71.9,0.0,572.0,0.12569930069930071,0.0,66373.07,65510.01,65510.01,68162.0,-0.0396842694213517,-0.0130884465343226,-0.0265958228870291,0.0003524052660025,0.0003438580178164,,
2024-07-24,70.7,70.7,0.0,71.9,0.9833101529902643,0.0,66646.0,65748.01,65748.01,65510.01,0.0036264490479245,-0.0135656253798457,0.0171920744277703,0.0001945894262875,0.0004645811386614,,
2024-07-25,70.7,70.7,0.0,70.7,1.0,0.0,64306.0,64696.11,64696.11,65748.01,-0.0161283283883969,0.0060481365643269,-0.0221764649527238,0.0003161015850152,0.0003707745175414,,
2024-07-26,78.3,78.3,0.0,70.7,1.1074964639321074,0.0,67396.01,67922.01,67922.01,64696.11,0.048659059153033,0.0077743178518987,0.0408847413011343,0.0001773799664917,0.000182102290604,,
2024-07-29,205.6,205.6,0.0,78.3,2.6257982120051087,0.0,69670.12,67278.0,67278.0,68152.0,-0.0129072160337406,-0.0349382427393719,0.0220310267056313,0.0004163213346851,0.0003817688848279,,
2024-07-30,74.9,74.9,0.0,205.6,0.3642996108949417,0.0,66527.99,65951.88,65951.88,67278.0,-0.0199079035054999,-0.0086973761616422,-0.0112105273438577,0.0002581144981551,0.0002642030005007,,
2024-07-31,21.0,21.0,0.0,74.9,0.2803738317757009,0.0,66440.02,65208.0,65208.0,65951.88,-0.0113432244091423,-0.0187174249763724,0.0073742005672301,0.0003069826583064,0.0004666506810533,,
2024-08-01,25.9,25.9,0.0,21.0,1.2333333333333332,0.0,64604.0,63463.99,63463.99,65208.0,-0.0271095023621127,-0.0178036699462232,-0.0093058324158895,0.0004286399134034,0.000459258745291,,
2024-08-02,42.8,42.8,0.0,25.9,1.6525096525096525,0.0,64976.01,62724.96,62724.96,63463.99,-0.0117132038820255,-0.0352586702988916,0.0235454664168661,0.0006814787423658,0.0010096474277994,,
2024-08-05,5.9,5.9,0.0,42.8,0.13785046728971964,0.0,50574.0,53604.41,53604.41,59256.66,-0.1002468379498908,0.058193730568265,-0.1584405685181559,0.0039396659417115,0.0052411185390791,,
2024-08-06,0.0,0.0,0.0,5.9,0.0,0.0,55352.93,56748.0,56748.0,53604.41,0.0569890726380738,0.0248908198334545,0.0320982528046193,0.0007529896980056,0.00133648414473,,
2024-08-07,66.0,66.0,0.0,0.0,inf,,57275.52,54831.0,54831.0,56748.0,-0.0343646860093242,-0.0436175798627318,0.0092528938534076,0.0006190890293173,0.0015233555273109,,
2024-08-08,377.5,377.5,0.0,66.0,5.71969696969697,0.0,57841.19,59426.79,59426.79,54831.0,0.0804894073547086,0.027043983159022,0.0534454241956866,0.0005023825364082,0.0010484058931158,,
2024-08-09,9.6,9.6,0.0,377.5,0.02543046357615894,0.0,60307.53,60715.32,60715.32,59426.79,0.0214509202229988,0.0067390834594034,0.0147118367635954,0.0005425617704523,0.0006607339027508,,
2024-08-12,48.8,48.8,0.0,9.6,5.083333333333333,0.0,59571.38,59064.01,59064.01,59608.49,-0.0091762425260239,-0.0085534863307143,-0.0006227561953096,0.0008721234506473,0.0008447093583305,,
2024-08-13,73.7,73.7,0.0,48.8,1.5102459016393444,0.0,58990.74,60856.39,60856.39,59064.01,0.0298950551807985,0.0311363438101482,-0.0012412886293496,0.0003504615935265,0.0004096445950611,,
2024-08-14,6.1,6.1,0.0,73.7,0.08276797829036635,0.0,60861.99,58941.14,58941.14,60856.39,-0.0319775074195907,-0.0320695231037288,9.20156841381567e-05,0.000467312207483,0.0005637053270469,,
2024-08-15,22.4,22.4,0.0,6.1,3.6721311475409837,0.0,59148.72,57088.73,57088.73,58941.14,-0.031932594674355,-0.0354482261401143,0.0035156314657592,0.0005860558238664,0.0007595958742969,,
2024-08-16,108.8,108.8,0.0,22.4,4.857142857142858,0.0,58406.4,59667.89,59667.89,57088.73,0.0441872956041894,0.021368546884925,0.0228187487192644,0.0004760403189902,0.0004716906961757,,
2024-08-19,96.60000000000001,96.60000000000001,0.0,108.8,0.8878676470588236,0.0,58728.97,58943.5,58943.5,59704.57,-0.0128292089132496,0.0036462264738852,-0.0164754353871348,0.0002571076806633,0.0003620057570354,,
2024-08-20,107.3,107.3,0.0,96.60000000000001,1.110766045548654,0.0,60559.98,59473.56,59473.56,58943.5,0.0089524860729044,-0.0181024348359585,0.0270549209088629,0.0004107493412427,0.0002760015692424,,
2024-08-21,35.1,35.1,0.0,107.3,0.3271202236719478,0.0,59473.99,61637.0,61637.0,59473.56,0.0357304955303141,0.0357232654528556,7.230077458529605e-06,0.0003738344019777,0.0004414862599275,,
2024-08-22,100.7,100.7,0.0,35.1,2.868945868945869,0.0,60905.37,60292.0,60292.0,61637.0,-0.0220629146242209,-0.0101219232200769,-0.0119409914041439,0.0002216195686575,0.0002178539219423,,
2024-08-23,236.8,236.8,0.0,100.7,2.3515392254220457,0.0,61058.8,63619.74,63619.74,60292.0,0.0537243745991961,0.0410864652343899,0.0126379093648061,0.0004720115479571,0.0004102402347031,,
2024-08-26,234.7,234.7,0.0,236.8,0.9911317567567567,0.0,63757.0,63305.99,63305.99,64187.27,-0.0138249510050789,-0.0070990285070075,-0.0067259224980713,0.0002174923883089,0.0002907364437853,,
2024-08-27,0.0,0.0,0.0,234.7,0.0,0.0,62410.01,62049.16,62049.16,63305.99,-0.0200529793358858,-0.0057987050874696,-0.0142542742484162,0.0001615070631179,0.0011157685355466,,
2024-08-28,0.0,0.0,0.0,0.0,,,59836.42,58925.27,58925.27,62049.16,-0.0516569431816198,-0.0153444747657729,-0.0363124684158469,0.0004503826489631,0.0005660403286795,,
2024-08-29,5.3,5.3,0.0,0.0,inf,,60250.0,59284.0,59284.0,58925.27,0.0060694241870869,-0.0161631172760957,0.0222325414631827,0.0003274252273833,0.0003538363672458,,
2024-08-30,0.0,0.0,0.0,5.3,0.0,0.0,59558.0,58812.01,58812.01,59284.0,-0.0079933693459456,-0.0126045419196653,0.0046111725737197,0.00039879937582,0.0002372182789356,,
2024-09-03,0.0,0.0,0.0,0.0,,,59014.0,58096.0,58096.0,58463.01,-0.006297431882706,-0.0156778892209558,0.0093804573382498,0.0002342148206347,0.0005559719388042,,
2024-09-04,9.5,9.5,0.0,0.0,inf,,56396.0,58041.99,58041.99,58096.0,-0.0009301005449399,0.0287684801239253,-0.0296985806688652,0.000415817000963,0.0003322426376921,,
2024-09-05,0.0,0.0,0.0,9.5,0.0,0.0,56657.99,56050.99,56050.99,58041.99,-0.034904901963786,-0.0107712068481356,-0.0241336951156504,0.0004221828985277,0.0004768880475353,,
2024-09-06,0.0,0.0,0.0,0.0,,,56858.16,53585.99,53585.99,56050.99,-0.0449741588493745,-0.0592720922024669,0.0142979333530924,0.0008228752910947,0.0008468648233423,,
2024-09-09,60.5,60.5,0.0,0.0,inf,,55349.33,57011.29,57011.29,54345.01,0.0478965213719796,0.0295847641030136,0.018311757268966,0.0004147241104639,0.000381237736625,,
2024-09-10,75.9,75.9,0.0,60.5,1.2545454545454546,0.0,56912.95,57942.71,57942.71,57011.29,0.0162054453740224,0.0179318562664744,-0.001726410892452,0.0003035344649297,0.0004261619598349,,
2024-09-11,15.2,15.2,0.0,75.9,0.20026350461133066,0.0,56712.0,57546.07,57546.07,57942.71,-0.0068689193794048,0.0146000158385827,-0.0214689352179875,0.0004485810581407,0.0004773535109757,,
2024-09-12,40.3,40.3,0.0,15.2,2.651315789473684,0.0,57590.97,58325.99,58325.99,57546.07,0.013461947225548,0.0126820070381664,0.0007799401873815,0.0003309251746402,0.0002899353889866,,
2024-09-13,263.2,263.2,0.0,40.3,6.5310173697270475,0.0,57702.68,59662.21,59662.21,58325.99,0.0226510300287267,0.0333952020697735,-0.0107441720410467,0.0002642406495742,0.0001666416254339,,
2024-09-16,30.8,30.8,0.0,263.2,0.11702127659574468,0.0,58423.95,57874.15,57874.15,59856.0,-0.0336708521322986,-0.0094550830312709,-0.0242157691010276,0.0002436965351081,0.000228531313326,,
2024-09-17,186.8,186.8,0.0,30.8,6.0649350649350655,0.0,59300.01,59862.6,59862.6,57874.15,0.0337811106887249,0.0094424615244868,0.024338649164238,0.0004246014519361,0.0002815371632067,,
2024-09-18,0.0,0.0,0.0,186.8,0.0,0.0,59915.25,59951.11,59951.11,59862.6,0.0014774605694229,0.0005983330280461,0.0008791275413767,0.0006694110102661,0.0004566456962803,,
2024-09-19,148.8,148.8,0.0,0.0,inf,,63123.92,63241.97,63241.97,59951.11,0.0534387662945896,0.0018683844879554,0.0515703818066341,0.0002537791051838,0.0003157541075031,,
2024-09-20,78.6,78.6,0.0,148.8,0.5282258064516129,0.0,62929.37,62879.99,62879.99,63241.97,-0.0057401739383695,-0.0007849972774005,-0.004955176660969,0.0002671111311165,0.00027728333229,,
2024-09-23,36.4,36.4,0.0,78.6,0.4631043256997456,0.0,63308.0,63272.7,63272.7,63178.0,0.001497817215794,-0.0005577469695633,0.0020555641853574,0.0001781407095636,0.0003155121005996,,
2024-09-24,133.10000000000002,133.10000000000002,0.0,36.4,3.6565934065934074,0.0,63440.0,64349.01,64349.01,63272.7,0.0168675928069332,0.0142269719818142,0.0026406208251189,0.0001796403531416,0.0002329404992331,,
2024-09-25,186.5,186.5,0.0,133.10000000000002,1.4012021036814424,0.0,63544.81,63229.86,63229.86,64349.01,-0.0175448913791941,-0.0049686683932695,-0.0125762229859246,0.0001271522420636,0.0002020360283846,,
2024-09-26,370.5,370.5,0.0,186.5,1.9865951742627346,0.0,64337.59,64818.64,64818.64,63229.86,0.0248165583854323,0.0074491524636203,0.0173674059218119,0.0002794222432549,0.0002157966406919,,
2024-09-27,494.4,494.4,0.0,370.5,1.334412955465587,0.0,65605.99,65710.83,65710.83,64818.64,0.0136705357739183,0.0015967493315034,0.0120737864424149,0.0001263497826273,0.0001666252588539,,
2024-09-30,80.5,80.5,0.0,494.4,0.16282362459546926,0.0,63904.0,63505.5,63505.5,65949.58,-0.0377639943610062,-0.0062554409123213,-0.0315085534486849,0.0001615678060261,0.0003071360251437,,
2024-10-01,40.8,40.8,0.0,80.5,0.5068322981366459,0.0,63417.34,61708.0,61708.0,63505.5,-0.0287129341713902,-0.027323743476036,-0.0013891906953542,0.0005252852648117,0.0004387996687761,,
2024-10-02,21.1,21.1,0.0,40.8,0.5171568627450981,0.0,60819.91,60302.0,60302.0,61708.0,-0.0230483114707284,-0.0085519317927698,-0.0144963796779586,0.0004683021848312,0.0004665785112717,,
2024-10-03,41.0,41.0,0.0,21.1,1.943127962085308,0.0,60519.99,60989.24,60989.24,60302.0,0.0113321844925705,0.0077237314860269,0.0036084530065435,0.00038032083318,0.0004164152601466,,
2024-10-04,39.5,39.5,0.0,41.0,0.9634146341463414,0.0,61523.02,62335.13,62335.13,60989.24,0.0218276961289634,0.0131137375810534,0.00871395854791,0.0002032100976393,0.0001888816118721,,
2024-10-07,235.20000000000002,235.20000000000002,0.0,39.5,5.954430379746836,0.0,63114.01,63368.0,63368.0,62648.01,0.0114270850913396,0.0040162287333474,0.0074108563579921,0.0002315772605224,0.0003237943929728,,
2024-10-08,39.6,39.6,0.0,235.20000000000002,0.1683673469387755,0.0,62573.99,62272.72,62272.72,63368.0,-0.0174355534864517,-0.0048262478808071,-0.0126093056056445,0.0002416768451628,0.000198091458064,,
2024-10-09,13.9,13.9,0.0,39.6,0.351010101010101,0.0,61899.98,60997.49,60997.49,62272.72,-0.0206907328897824,-0.0146871408029768,-0.0060035920868056,0.0001712985369613,0.0002364200623161,,
2024-10-10,0.0,0.0,0.0,13.9,0.0,0.0,61051.6,59757.5,59757.5,60997.49,-0.020538009838926,-0.0214247022926792,0.0008866924537531,0.0002766975358638,0.0002274273170456,,
2024-10-11,275.7,275.7,0.0,0.0,inf,,61443.99,63024.0,63024.0,59757.5,0.0532209002817318,0.0253895780914853,0.0278313221902465,0.000205524415133,0.0001703787704557,,
2024-10-14,551.2,551.2,0.0,275.7,1.999274573812115,0.0,64790.0,65927.93,65927.93,62688.19,0.0503891030555289,0.0174109052343037,0.0329781978212251,0.0001830571985823,0.0003226706006675,,
2024-10-15,357.6,357.6,0.0,551.2,0.648766328011611,0.0,65830.0,66945.48,66945.48,65927.93,0.015316381092447,0.0168028953088314,-0.0014865142163844,0.0007064783698589,0.0003543414936085,,
2024-10-16,458.5,458.5,0.0,357.6,1.282158836689038,0.0,67862.01,67724.01,67724.01,66945.48,0.0115622131354994,-0.0020356087987917,0.0135978219342912,0.0003142421858605,0.0002962872168907,,
2024-10-17,470.5,470.5,0.0,458.5,1.0261723009814614,0.0,66886.0,66887.39,66887.39,67724.01,-0.0124303108404655,2.0781412507274744e-05,-0.0124510922529728,0.000211338345322,0.0002153961506125,,
2024-10-18,273.70000000000005,273.70000000000005,0.0,470.5,0.5817215727948991,0.0,67803.99,68593.99,68593.99,66887.39,0.0251944624808214,0.0115838787921672,0.0136105836886542,0.0001833973302789,0.0001488794771287,,
2024-10-21,334.9,334.9,0.0,273.70000000000005,1.2236024844720494,0.0,67861.33,67729.71,67729.71,68494.75,-0.0112321684843703,-0.0019414268279254,-0.0092907416564448,0.0001713000610675,0.0002251450886705,,
2024-10-22,55.6,55.6,0.0,334.9,0.16601970737533595,0.0,67074.24,67458.21,67458.21,67729.71,-0.0040166364719179,0.0057082293915293,-0.0097248658634472,0.0001988945668443,0.0001695452565848,,
2024-10-23,317.5,317.5,0.0,55.6,5.710431654676259,0.0,66515.98,66406.0,66406.0,67458.21,-0.0157208811931292,-0.001654805700265,-0.0140660754928641,0.0001825780194875,0.000217796427863,,
2024-10-24,195.1,195.1,0.0,317.5,0.6144881889763779,0.0,67608.96,68314.0,68314.0,66406.0,0.0283273097638622,0.0103742049652973,0.0179531047985648,0.0001318256329966,0.0001963533314266,,
2024-10-25,396.1,396.1,0.0,195.1,2.0302409021014864,0.0,68058.9,66867.03,66867.03,68314.0,-0.0214087030658177,-0.0176674861884685,-0.0037412168773492,0.0003825750401801,0.0003721367860381,,
2024-10-28,457.79999999999995,457.79999999999995,0.0,396.1,1.1557687452663468,0.0,68969.67,69612.33,69612.33,67861.93,0.0254665069632629,0.0092748640799052,0.0161916428833577,0.000221425786834,0.0002766422526668,,
2024-10-29,858.2,858.2,0.0,457.79999999999995,1.8746177370030583,0.0,71085.71,72627.61,72627.61,69612.33,0.0424034457415219,0.0214588204839197,0.0209446252576021,0.000318699227859,0.0002316214855859,,
2024-10-30,909.2,909.2,0.0,858.2,1.059426707061291,0.0,71830.0,71788.51,71788.51,72627.61,-0.0116207171709834,-0.0005777806935084,-0.011042936477475,0.0001646463733861,0.0002787578789072,,
2024-10-31,320.7,320.7,0.0,909.2,0.35272767267927846,0.0,71878.0,70138.26,70138.26,71788.51,-0.0232559985166831,-0.0245018005003773,0.0012458019836942,0.0002840299963967,0.0002999033830698,,
2024-11-01,0.0,0.0,0.0,320.7,0.0,0.0,70245.99,69239.9,69239.9,70138.26,-0.0128911508214307,-0.0144259386790025,0.0015347878575718,0.0004942728965911,0.0002148926584845,,
2024-11-04,38.4,38.4,0.0,0.0,inf,,68575.98,67400.61,67400.61,68999.99,-0.0234522913473025,-0.0172882593214902,-0.0061640320258122,0.0002193507734472,0.0003455290247009,,
2024-11-05,19.3,19.3,0.0,38.4,0.5026041666666667,0.0,69460.0,69494.0,69494.0,67400.61,0.0305863495863547,0.0004893705928369,0.0300969789935178,0.0003988328982395,0.0010463705237325,,
2024-11-06,584.8,584.8,0.0,19.3,30.300518134715023,0.0,74402.5,75960.01,75960.01,69494.0,0.0889665996835472,0.020717474167268,0.0682491255162792,0.0003944327478633,0.0009257591195374,,
2024-11-07,233.5,233.5,0.0,584.8,0.39928180574555405,0.0,74935.99,76412.79,76412.79,75960.01,0.0059430729459072,0.019515808078607,-0.0135727351326997,0.0003161997042407,0.0002880781626571,,
2024-11-08,293.4,293.4,0.0,233.5,1.2565310492505353,0.0,76165.53,76613.1,76613.1,76412.79,0.0026179898631301,0.0058590822601218,-0.0032410923969917,0.0002246184241771,0.0001647874313523,,
2024-11-11,1085.9,1085.9,0.0,293.4,3.701090661213361,0.0,81598.0,86869.98,86869.98,78958.01,0.0954963258693354,0.0626077661769551,0.0328885596923803,0.0006400547555076,0.0012529691318369,,
2024-11-12,825.5999999999999,825.5999999999999,0.0,1085.9,0.7602910028547747,0.0,85780.3,89577.02,89577.02,86869.98,0.030686295828995,0.0433094374703785,-0.0126231416413834,0.000641598398836,0.0014848712336144,,
2024-11-13,448.8,448.8,0.0,825.5999999999999,0.5436046511627908,0.0,89779.99,89688.52,89688.52,89577.02,0.00124396483985,-0.0010193432588283,0.0022633080986784,0.0012324625481497,0.0009789322677441,,
2024-11-14,129.0,129.0,0.0,448.8,0.2874331550802139,0.0,91381.68,87691.35,87691.35,89688.52,-0.0225195158968321,-0.0412217579182972,0.0187022420214651,0.0007627545101723,0.0009606403291314,,
2024-11-15,0.0,0.0,0.0,129.0,0.0,0.0,89230.0,91231.07,91231.07,87691.35,0.0395722560719147,0.0221782129745924,0.0173940430973222,0.0005178496658418,0.0005407599914671,,
2024-11-18,200.39999999999998,200.39999999999998,0.0,0.0,inf,,90255.99,91338.32,91338.32,89551.01,0.0197620077112441,0.0119204485680044,0.0078415591432397,0.0006177266288556,0.0005516553028462,,
2024-11-19,816.4000000000001,816.4000000000001,0.0,200.39999999999998,4.073852295409183,0.0,91504.0,92543.34,92543.34,91338.32,0.0131066605584145,0.0112943881551148,0.0018122724032997,0.000454974422026,0.0004941031103889,,
2024-11-20,773.4,773.4,0.0,816.4000000000001,0.9473297403233708,0.0,94531.99,94268.99,94268.99,92543.34,0.0184752161157262,-0.002786004289948,0.0212612204056743,0.0004343211469257,0.0004344811932217,,
2024-11-21,1005.9,1005.9,0.0,773.4,1.3006206361520558,0.0,97175.27,97875.99,97875.99,94268.99,0.0375489777585388,0.0071850139755028,0.0303639637830359,0.0004008769666581,0.0004371498692596,,
2024-11-22,551.7,551.7,0.0,1005.9,0.5484640620339994,0.0,97556.0,99146.46,99146.46,97875.99,0.0128968816465039,0.0161715787516685,-0.0032746971051646,0.0002512951130731,0.000320855916913,,
2024-11-25,267.8,267.8,0.0,551.7,0.48540873663222767,0.0,97105.16,94916.0,94916.0,96761.04,-0.019252143997629,-0.0228022250474883,0.0035500810498593,0.0005154432423527,0.0005931341785841,,
2024-11-26,6.5,6.5,0.0,267.8,0.024271844660194174,0.0,91750.01,91048.01,91048.01,94916.0,-0.041605340117752,-0.0076806461147402,-0.0339246940030118,0.0005158634199161,0.0006593873952521,,
2024-11-27,91.0,91.0,0.0,6.5,14.0,0.0,94408.0,96516.0,96516.0,91048.01,0.0583218478981731,0.0220829823864845,0.0362388655116885,0.0002684318362512,0.0003295210159294,,
2024-11-29,311.4,311.4,0.0,91.0,3.421978021978022,0.0,97249.88,97279.08,97279.08,94909.19,0.0246634212313236,0.0003002123716622,0.0243632088596613,0.0001693389541392,0.0001591063065613,,
2024-12-02,386.2,386.2,0.0,311.4,1.2402055234425178,0.0,95992.01,95648.01,95648.01,97052.17,-0.0145737783219575,-0.0035900681858916,-0.0109837101360658,0.0003254120665025,0.0003284459437923,,
2024-12-03,769.5,769.5,0.0,386.2,1.9924909373381667,0.0,94040.01,95567.81,95567.81,95648.01,-0.0008388427767406,0.0161157178652062,-0.0169545606419468,0.0002852486100531,0.0003049635794293,,
2024-12-04,595.4000000000001,595.4000000000001,0.0,769.5,0.7737491877842756,0.0,95751.6,98872.64,98872.64,95567.81,0.0339965094073027,0.0320752191781911,0.0019212902291115,0.0003180591841281,0.0007192993030655,,
2024-12-05,830.3,830.3,0.0,595.4000000000001,1.3945246892845142,0.0,102506.24,99052.12,99052.12,98872.64,0.001813618965062,-0.0342774985270876,0.0360911174921497,0.0006676208266949,0.0030532909093849,,
2024-12-06,402.1,402.1,0.0,830.3,0.48428278935324587,0.0,99203.99,101354.65,101354.65,99052.12,0.0229795762101049,0.0214475172011204,0.0015320590089844,0.000328170294508,0.0004287595857693,,
2024-12-09,569.6,569.6,0.0,402.1,1.4165630440189008,0.0,98999.43,96354.41,96354.41,99803.03,-0.0351653791371325,-0.0270809281014061,-0.0080844510357263,0.0003973617499972,0.0011252322945996,,
2024-12-10,511.90000000000003,511.90000000000003,0.0,569.6,0.8987008426966292,0.0,98049.21,96427.86,96427.86,96354.41,0.0007619995713716,-0.0166743314839563,0.0174363310553279,0.0006379765741647,0.0005385990530758,,
2024-12-11,209.8,209.8,0.0,511.90000000000003,0.4098456729830045,0.0,98629.27,101200.0,101200.0,96427.86,0.0483035928411423,0.0257306833140219,0.0225729095271203,0.0002365416967808,0.0003223813400749,,
2024-12-12,535.1,535.1,0.0,209.8,2.5505243088655862,0.0,101421.98,100035.41,100035.41,101200.0,-0.0115745335438828,-0.0137656096433964,0.0021910760995135,0.0003394938769369,0.0002748828150943,,
2024-12-13,530.2,530.2,0.0,535.1,0.9908428331153056,0.0,100331.99,101585.2,101585.2,100035.41,0.0153736319327589,0.0124132679554236,0.0029603639773353,0.0002210901775911,0.0002093034326451,,
2024-12-16,630.3,630.3,0.0,530.2,1.188796680497925,0.0,104324.84,105910.22,105910.22,103197.66,0.0259455757170198,0.0150822612811921,0.0108633144358276,0.0003590279762421,0.0002510406550364,,
2024-12-17,744.4,744.4,0.0,630.3,1.1810249087736,0.0,107737.88,106695.0,106695.0,105910.22,0.0073825427647792,-0.0097269432050192,0.0171094859697984,0.0003602561791276,0.000316527109827,,
2024-12-18,359.6,359.6,0.0,744.4,0.48307361633530366,0.0,104625.48,101001.58,101001.58,106695.0,-0.0548381365703316,-0.0352509563294788,-0.0195871802408527,0.0007380491374976,0.0006485243374216,,
2024-12-19,2.0,2.0,0.0,359.6,0.005561735261401557,0.0,102379.23,96287.94,96287.94,101001.58,-0.0477930829664241,-0.0613407826841265,0.0135476997177023,0.00099673019559,0.0007165488274612,,
2024-12-20,5.6,5.6,0.0,2.0,2.8,0.0,95363.98,96496.09,96496.09,96287.94,0.0021594120725108,0.0118015503660693,-0.0096421382935584,0.000448580457281,0.001246713984984,,
2024-12-23,31.7,31.7,0.0,5.6,5.660714285714286,0.0,95514.56,93427.54,93427.54,95496.04,-0.0218986180727659,-0.0220925340131172,0.0001939159403513,0.0005507315547121,0.0005012162817824,,
2024-12-24,8.5,8.5,0.0,31.7,0.26813880126182965,0.0,96576.0,97376.01,97376.01,93427.54,0.0413937138236693,0.0082496132638806,0.0331441005597887,0.0003125471936807,0.0003174404834339,,
2024-12-26,500.5,500.5,0.0,8.5,58.88235294117647,0.0,95762.68,95594.9,95594.9,99278.0,-0.0378045242951145,-0.0017535761373449,-0.0360509481577696,0.0002914089715382,0.0004168629614962,,
2024-12-27,83.10000000000001,83.10000000000001,0.0,500.5,0.16603396603396606,0.0,96260.55,94641.94,94641.94,95594.9,-0.0100187531619316,-0.0169578593586517,0.0069391061967201,0.0003091741200554,0.0004315344928115,,
2024-12-30,0.0,0.0,0.0,83.10000000000001,0.0,0.0,92985.24,94372.13,94372.13,93825.89,0.0058049657899182,0.0148050256306277,-0.0090000598407095,0.0003411689416085,0.0004188813068019,,
2024-12-31,45.5,45.5,0.0,0.0,inf,,95927.1,93677.75,93677.75,94372.13,-0.0073850954431143,-0.0237278269289567,0.0163427314858424,0.0002694090216598,0.0002976406845453,,
2025-01-02,106.5,106.5,0.0,45.5,2.340659340659341,0.0,96441.46,97333.34,97333.34,94803.48,0.0263354646453385,0.0092053899484474,0.0171300746968911,0.0003010032906729,0.0001722138831348,,
2025-01-03,899.4,899.4,0.0,106.5,8.445070422535212,0.0,96968.26,98325.0,98325.0,97333.34,0.0101367362245529,0.0138946098563343,-0.0037578736317814,0.0001863928351177,0.0001116380235997,,
2025-01-06,903.4,903.4,0.0,899.4,1.0044474093840339,0.0,98987.51,102143.3,102143.3,98235.99,0.0390040841318012,0.0313830487342488,0.0076210353975523,0.0002359827921461,0.0002035688709188,,
2025-01-07,596.1,596.1,0.0,903.4,0.6598406021695816,0.0,100620.0,96609.4,96609.4,102143.3,-0.0557006843207098,-0.0406750000902512,-0.0150256842304586,0.0005047991011135,0.0002518184543637,,
2025-01-08,0.0,0.0,0.0,596.1,0.0,0.0,95255.67,93992.4,93992.4,96609.4,-0.0274621170353706,-0.01335061185662,-0.0141115051787506,0.000514711204292,0.0004984396332961,,
2025-01-10,35.8,35.8,0.0,0.0,inf,,94209.68,94618.96,94618.96,91811.64,0.0301187918348842,0.0043349424210536,0.0257838494138305,0.0006235950396727,0.000637924660809,,
2025-01-13,29.5,29.5,0.0,35.8,0.8240223463687152,0.0,90803.64,93672.41,93672.41,94715.93,-0.0110785059506911,0.0311043226023533,-0.0421828285530444,0.0007840334659133,0.0006579067045951,,
2025-01-14,18.6,18.6,0.0,29.5,0.6305084745762712,0.0,96912.36,96466.47,96466.47,93672.41,0.0293917913146143,-0.004611578115509,0.0340033694301233,0.0002967647905621,0.000478937366431,,
2025-01-15,741.4,741.4,0.0,18.6,39.86021505376344,0.0,98738.34,99568.66,99568.66,96466.47,0.0316519696141636,0.0083741355802486,0.023277834033915,0.0002168084389357,0.0004237741830373,,
2025-01-16,696.1,696.1,0.0,741.4,0.9388993795521986,0.0,99046.5,100341.46,100341.46,99568.66,0.0077315130378541,0.0129895326472592,-0.0052580196094051,0.0003563105579185,0.0003619361517369,,
2025-01-17,1051.0,1051.0,0.0,696.1,1.509840540152277,0.0,102538.49,104684.22,104684.22,100341.46,0.0423694207068121,0.0207101498987393,0.0216592708080727,0.0002798226764374,0.00028514437742,,
2025-01-21,683.6,683.6,0.0,1051.0,0.6504281636536632,0.0,105107.06,106122.02,106122.02,103665.07,0.0234243426797765,0.0096101143963185,0.013814228283458,0.0006067643680982,0.0005883484481612,,
2025-01-22,344.3,344.3,0.0,683.6,0.5036571094207138,0.0,104593.64,104206.29,104206.29,106122.02,-0.018217071962336,-0.0037102545422744,-0.0145068174200615,0.0003180673130521,0.0003853259861439,,
2025-01-23,226.7,226.7,0.0,344.3,0.6584374092361313,0.0,102596.91,103000.0,103000.0,104206.29,-0.0116435039510578,0.0039211729055556,-0.0155646768566135,0.0022520798817471,0.0006310310977421,,
2025-01-24,513.3,513.3,0.0,226.7,2.2642258491398324,0.0,105125.58,105001.59,105001.59,103000.0,0.0192465046703785,-0.0011801426192572,0.0204266472896358,0.0002966860334766,0.0002892792519625,,
2025-01-27,63.9,63.9,0.0,513.3,0.12448860315604911,0.0,100502.37,101522.02,101522.02,104879.54,-0.0325367327156035,0.0100944114546804,-0.042631144170284,0.0005642802038354,0.0010051345069705,,
2025-01-28,30.1,30.1,0.0,63.9,0.47104851330203446,0.0,102799.22,101435.98,101435.98,101522.02,-0.0008478601991966,-0.0133499048775276,0.0125020446783309,0.0003198066002238,0.0003419842911321,,
2025-01-29,18.2,18.2,0.0,30.1,0.6046511627906976,0.0,102274.81,104194.34,104194.34,101435.98,0.0268299486598012,0.0185944031486728,0.0082355455111283,0.0005163776134703,0.0002882663080273,,
2025-01-30,583.5,583.5,0.0,18.2,32.06043956043956,0.0,104883.99,104975.88,104975.88,104194.34,0.0074728002575265,0.0008757272733706,0.0065970729841558,0.0002083126582213,0.0001671735266367,,
2025-01-31,405.2,405.2,0.0,583.5,0.6944301628106255,0.0,104799.2,101647.99,101647.99,104975.88,-0.0322148433379874,-0.0305303721245655,-0.0016844712134218,0.0002478963397828,0.0001734084316326,,
2025-02-03,8.0,8.0,0.0,405.2,0.019743336623889437,0.0,94599.9,101200.01,101200.01,97615.95,0.036057953469337,0.0674424366927681,-0.0313844832234311,0.0008519014111792,0.0007587887879358,,
2025-02-04,340.7,340.7,0.0,8.0,42.5875,0.0,99164.44,98423.91,98423.91,101200.01,-0.0278150933212589,-0.0074957199376417,-0.0203193733836171,0.0006744127268889,0.0007488962746333,,
2025-02-05,66.4,66.4,0.0,340.7,0.19489286762547697,0.0,98739.91,97381.69,97381.69,98423.91,-0.0106455570494111,-0.0138510160486747,0.0032054589992635,0.0002862011233104,0.0003657010731148,,
2025-02-06,0.0,0.0,0.0,66.4,0.0,0.0,98091.98,96839.62,96839.62,97381.69,-0.0055819972331083,-0.0128494018525761,0.0072674046194678,0.0003519322827232,0.0003617284803676,,
2025-02-07,171.3,171.3,0.0,0.0,inf,,99475.16,95926.32,95926.32,96839.62,-0.0094758112748866,-0.0363275679671072,0.0268517566922205,0.0004511468564428,0.0003396077308566,,
2025-02-10,55.4,55.4,0.0,171.3,0.3234092235843549,0.0,97643.37,97319.65,97319.65,96247.11,0.0110819747827095,-0.0033208379465775,0.014402812729287,0.0001321487858948,0.0002313555478501,,
2025-02-11,23.8,23.8,0.0,55.4,0.4296028880866426,0.0,96943.54,95403.99,95403.99,97319.65,-0.0198805200467715,-0.0160083457049315,-0.0038721743418399,0.0001426828443244,0.0002580416450966,,
2025-02-12,0.0,0.0,0.0,23.8,0.0,0.0,94515.97,97017.76,97017.76,95403.99,0.0167736530484327,0.0261252395967554,-0.0093515865483226,0.0003027652645812,0.0004902031830753,,
2025-02-13,26.2,26.2,0.0,0.0,inf,,95890.44,96288.78,96288.78,97017.76,-0.0075422534147193,0.0041455113665741,-0.0116877647812935,0.0001768782566128,0.0002161013281904,,
2025-02-14,124.3,124.3,0.0,26.2,4.744274809160306,0.0,96656.44,97112.67,97112.67,96288.78,0.0085200497093223,0.0047090152095761,0.0038110344997461,0.0002199859009942,0.0001263415902422,,
2025-02-18,68.4,68.4,0.0,124.3,0.5502815768302495,0.0,96579.29,94280.74,94280.74,96027.32,-0.0183558073173432,-0.0240874020021902,0.005731594684847,0.0002494702860328,0.0002174115737839,,
2025-02-19,0.0,0.0,0.0,68.4,0.0,0.0,96403.99,96120.01,96120.01,94280.74,0.0193205879072129,-0.002950075896566,0.0222706638037789,0.0001598204119624,0.0001184183538551,,
2025-02-20,28.3,28.3,0.0,0.0,inf,,97889.73,98439.61,98439.61,96120.01,0.0238457488059789,0.0056016226393047,0.0182441261666742,0.0001284276834057,7.843704598944925e-05,,
2025-02-21,26.3,26.3,0.0,28.3,0.9293286219081273,0.0,98746.99,95192.86,95192.86,98439.61,-0.0335383247261834,-0.0366559833193386,0.0031176585931551,0.0004427264057811,0.0001659819060349,,
2025-02-24,0.0,0.0,0.0,26.3,0.0,0.0,95494.01,94053.98,94053.98,95765.68,-0.0180355016770433,-0.0151946502387926,-0.0028408514382507,0.000247324348149,0.0006454946603014,,
2025-02-26,0.0,0.0,0.0,0.0,,,86020.0,84150.0,84150.0,88330.0,-0.0484788801202258,-0.0219789067187752,-0.0264999734014505,0.0012504792709496,0.0008733945672794,,
2025-02-27,17.6,17.6,0.0,0.0,inf,,86380.82,83535.99,83535.99,84150.0,-0.0073233636774936,-0.0334881034663561,0.0261647397888625,0.0004606946519317,0.0015948328681385,,
2025-02-28,374.29999999999995,374.29999999999995,0.0,17.6,21.26704545454545,0.0,81711.06,84166.32,84166.32,83535.99,0.00751728426762,0.0296054752061113,-0.0220881909384913,0.0007041821709286,0.0012473809992535,,
2025-03-03,58.2,58.2,0.0,374.29999999999995,0.1554902484637991,0.0,92850.29,86211.13,86211.13,94323.9,-0.0899353163107346,-0.0741891234469556,-0.0157461928637789,0.0017441234052251,0.0016169856626277,,
2025-03-04,0.0,0.0,0.0,58.2,0.0,0.0,83098.03,86943.19,86943.19,86211.13,0.0084556291949268,0.0452339216564427,-0.0367782924615159,0.0015920142719041,0.0010618163637223,,
2025-03-05,38.9,38.9,0.0,0.0,inf,,89778.21,90408.0,90408.0,86943.19,0.039077842198863,0.0069904635281268,0.0320873786707361,0.0007943968192323,0.0008276766059348,,
2025-03-06,0.0,0.0,0.0,38.9,0.0,0.0,90157.51,89076.89,89076.89,90408.0,-0.0148328297163938,-0.0120583224399262,-0.0027745072764676,0.0007006317977713,0.0018327746780898,,
2025-03-07,0.6,0.6,0.0,0.0,inf,,89104.99,87285.99,87285.99,89076.89,-0.020309960474025,-0.0206253685304779,0.0003154080564528,0.001446613175447,0.0010873490508464,,
2025-03-10,0.0,0.0,0.0,0.6,0.0,0.0,82813.48,78891.56,78891.56,82732.49,-0.0475381393771557,-0.0485165987919216,0.0009784594147659,0.0011915140010976,0.0015353469041402,,
2025-03-11,0.0,0.0,0.0,0.0,,,81757.16,83114.64,83114.64,78891.56,0.0521466083490471,0.0164674695899511,0.0356791387590959,0.001041821118194,0.0008135032775418,,
2025-03-12,82.6,82.6,0.0,0.0,inf,,83364.63,82905.21,82905.21,83114.64,-0.0025229526600608,-0.0055262117192827,0.0030032590592218,0.0004624943267905,0.0006653261659409,,
2025-03-13,45.7,45.7,0.0,82.6,0.553268765133172,0.0,82789.36,80344.1,80344.1,82905.21,-0.0313792462315723,-0.0299808899803354,-0.0013983562512369,0.0004280211625871,0.0003962135551268,,
2025-03-14,137.5,137.5,0.0,45.7,3.008752735229759,0.0,83597.73,84470.02,84470.02,80344.1,0.0500780177715513,0.0103803118978727,0.0396977058736785,0.0004144655623752,0.0002128874317957,,
2025-03-17,260.4,260.4,0.0,137.5,1.8938181818181816,0.0,82814.02,84405.77,84405.77,83166.79,0.0147876547057502,0.0190383934649693,-0.004250738759219,0.000270978953547,0.0002804161747958,,
2025-03-18,218.1,218.1,0.0,260.4,0.837557603686636,0.0,82279.8,82335.17,82335.17,84405.77,-0.0248374087906838,0.0006727213459159,-0.0255101301365998,0.0002602640591695,0.0002630438757143,,
2025-03-19,17.5,17.5,0.0,218.1,0.08023842274186153,0.0,83872.58,85487.46,85487.46,82335.17,0.0375713431160783,0.0190709561028513,0.018500387013227,0.0003983178317181,0.0003206200203441,,
2025-03-20,193.2,193.2,0.0,17.5,11.04,0.0,85195.33,84199.52,84199.52,85487.46,-0.0151804779999977,-0.0117573996070105,-0.0034230783929871,0.0002978716603192,0.0001880406051177,,
2025-03-21,105.0,105.0,0.0,193.2,0.5434782608695653,0.0,83865.38,83938.36,83938.36,84199.52,-0.003106500569933,0.0008698257214215,-0.0039763262913545,0.000156423303633,0.0001498527621407,,
2025-03-24,125.20000000000002,125.20000000000002,0.0,105.0,1.1923809523809525,0.0,87312.39,88195.37,88195.37,85106.25,0.0356539914130558,0.0100620901299368,0.025591901283119,0.0001771158576361,0.0002247156027318,,
2025-03-25,42.0,42.0,0.0,125.20000000000002,0.33546325878594246,0.0,87763.07,88197.43,88197.43,88195.37,2.3356962416674365e-05,0.0049370271426344,-0.0049136701802177,0.0001571156342296,0.0002294867913948,,
2025-03-26,107.9,107.9,0.0,42.0,2.5690476190476192,0.0,87582.98,86611.01,86611.01,88197.43,-0.0181508805203001,-0.0111597430818001,-0.0069911374384999,0.0001952161618588,0.0001676164850459,,
2025-03-27,101.1,101.1,0.0,107.9,0.9369786839666356,0.0,86443.03,87072.03,87072.03,86611.01,0.0053087633973032,0.0072501229027848,-0.0019413595054815,0.0001604546793186,0.0001707932122698,,
2025-03-28,0.0,0.0,0.0,101.1,0.0,0.0,85261.17,83825.6,83825.6,87072.03,-0.0379972570473865,-0.0169806838775423,-0.0210165731698441,0.0001742903964622,0.0002473945746436,,
2025-03-31,15.1,15.1,0.0,0.0,inf,,82381.77,82480.58,82480.58,82557.06,-0.0009268189423291,0.0011986971170974,-0.0021255160594266,0.0003585380369822,0.0003023942756406,,
2025-04-01,31.9,31.9,0.0,15.1,2.1125827814569536,0.0,83500.0,84920.48,84920.48,82480.58,0.0291524175060506,0.0168686573409801,0.0122837601650704,0.0002785914704007,0.0002318070615368,,
2025-04-02,302.4,302.4,0.0,31.9,9.47962382445141,0.0,84531.34,86774.82,86774.82,84920.48,0.0216011982177442,0.0261941342402366,-0.0045929360224923,0.0003809120764049,0.0011815266337641,,
2025-04-03,65.3,65.3,0.0,302.4,0.21593915343915346,0.0,82101.84,81957.41,81957.41,86774.82,-0.0571167653250192,-0.0017607058097864,-0.0553560595152328,0.0003678901654812,0.0003447577829086,,
2025-04-04,0.0,0.0,0.0,65.3,0.0,0.0,82805.4,84058.02,84058.02,81957.41,0.0253075526051871,0.0150139980397455,0.0102935545654416,0.0006519527582587,0.0004697891612277,,
2025-04-07,0.0,0.0,0.0,0.0,,,76699.9,78184.0,78184.0,79542.05,-0.0172207896067631,0.0191646184451389,-0.0363854080519021,0.0024343382313814,0.0013369876368946,,
2025-04-08,0.0,0.0,0.0,0.0,,,80282.0,76924.01,76924.01,78184.0,-0.0162469715895021,-0.0427273849759681,0.0264804133864659,0.0006077167018549,0.0008177748816616,,
2025-04-09,6.7,6.7,0.0,0.0,inf,,76939.28,82388.02,82388.02,76924.01,0.0686219865489685,0.0684234986568905,0.000198487892078,0.001328474244148,0.0009183852485464,,
2025-04-10,0.0,0.0,0.0,6.7,0.0,0.0,81840.0,79738.41,79738.41,82388.02,-0.0326886360459566,-0.0260147196933267,-0.0066739163526298,0.0006503107945025,0.0004292869199098,,
2025-04-11,11.3,11.3,0.0,0.0,inf,,82173.99,83810.0,83810.0,79738.41,0.0498009301607705,0.0197135034787784,0.030087426681992,0.0004225895667934,0.0003538613088816,,
2025-04-14,36.7,36.7,0.0,11.3,3.247787610619469,0.0,84990.57,84902.99,84902.99,83811.33,0.012941109387666,-0.0010309985588368,0.0139721079465028,0.0003538124530911,0.0003155868987922,,
2025-04-15,67.5,67.5,0.0,36.7,1.8392370572207084,0.0,85838.59,83946.33,83946.33,84902.99,-0.0113316445305412,-0.0222910062088285,0.0109593616782873,0.0002247085772041,0.0002316024790726,,
2025-04-16,53.8,53.8,0.0,67.5,0.797037037037037,0.0,83716.79,84311.58,84311.58,83946.33,0.0043415560518917,0.0070796673718999,-0.0027381113200082,0.0003220899666736,0.0002076320748793,,
2025-04-17,106.9,106.9,0.0,53.8,1.9869888475836432,0.0,84686.0,84927.85,84927.85,84311.58,0.0072828503842911,0.0028517737661876,0.0044310766181035,0.0001543015290485,0.0001197050751137,,
2025-04-21,354.9,354.9,0.0,106.9,3.3199251637043963,0.0,87277.8,87323.97,87323.97,84616.73,0.0314929944062037,0.0005288606304062,0.0309641337757974,0.0002308671312846,0.0002341521165051,,
2025-04-22,915.4000000000001,915.4000000000001,0.0,354.9,2.5793181177796565,0.0,89500.0,91509.74,91509.74,87323.97,0.0468204190989865,0.0222067894229021,0.0246136296760844,0.0002003095328536,0.0007750977086512,,
2025-04-23,902.4000000000001,902.4000000000001,0.0,915.4000000000001,0.9857985580074284,0.0,94055.76,93540.42,93540.42,91509.74,0.0219482276416773,-0.0054941555454505,0.0274423831871279,0.0004350222944057,0.0002309785505592,,
2025-04-24,442.0,442.0,0.0,902.4000000000001,0.48980496453900707,0.0,92824.49,93463.56,93463.56,93540.42,-0.0008220146365645,0.0068611218703079,-0.0076831365068725,0.0001285606905552,0.0002340799278925,,
2025-04-25,367.6,367.6,0.0,442.0,0.8316742081447964,0.0,94347.7,95295.33,95295.33,93463.56,0.0194091786026846,0.0099939121125766,0.0094152664901079,0.0002083221004827,0.0001791732776482,,
2025-04-28,970.9,970.9,0.0,367.6,2.6411860718171924,0.0,95164.0,94781.72,94781.72,94427.29,0.0037464433069023,-0.0040251553563577,0.00777159866326,0.0001298251336507,0.0002252409439557,,
2025-04-29,216.7,216.7,0.0,970.9,0.22319497373570912,0.0,94883.7,95355.99,95355.99,94781.72,0.0060405875951278,0.0049652201419822,0.0010753674531456,0.0001096413258503,0.0001716370901896,,
2025-04-30,267.0,267.0,0.0,216.7,1.2321181356714352,0.0,94440.9,94190.17,94190.17,95355.99,-0.0123013275627587,-0.002658418336523,-0.0096429092262356,0.0001785652534547,0.0001556113069136,,
2025-05-01,467.79999999999995,467.79999999999995,0.0,267.0,1.7520599250936328,0.0,96583.73,96548.6,96548.6,94190.17,0.0247306848148515,-0.0003637920216405,0.0250944768364921,0.0001311651151177,0.0001533713409667,,
2025-05-02,674.9,674.9,0.0,467.79999999999995,1.4427105600684054,0.0,96925.84,96915.93,96915.93,96548.6,0.0037973931595013,-0.0001022483441895,0.0038996415036909,0.0001137877644901,0.0001158437026799,,
2025-05-05,531.2,531.2,0.0,674.9,0.7870795673433102,0.0,94151.5,94317.08,94317.08,95609.23,-0.0136070662035031,0.0017571103109227,-0.0153641765144258,0.0001160207367238,0.0001274085252837,,
2025-05-06,36.7,36.7,0.0,531.2,0.06908885542168675,0.0,93716.81,94934.37,94934.37,94317.08,0.0065235134433712,0.0129082352522904,-0.0063847218089192,0.0001130549779176,0.000203479674879,,
2025-05-07,142.3,142.3,0.0,36.7,3.877384196185286,0.0,96794.09,96162.51,96162.51,94934.37,0.0128537620217793,-0.0065463659239804,0.0194001279457597,0.0001584580644804,0.0002023660772757,,
2025-05-08,117.4,117.4,0.0,142.3,0.8250175685172171,0.0,99474.4,101369.99,101369.99,96162.51,0.0527375179700995,0.0188767661172341,0.0338607518528654,0.0002347768864389,0.0003314977749688,,
2025-05-09,414.3,414.3,0.0,117.4,3.528960817717206,0.0,103086.17,103215.19,103215.19,101369.99,0.0180389413927811,0.0012507917235327,0.0167881496692483,0.0001534848303894,0.0002432405778244,,
2025-05-12,69.4,69.4,0.0,414.3,0.16751146512189236,0.0,104018.37,101867.28,101867.28,104400.01,-0.0245589816854359,-0.0208967286101619,-0.0036622530752739,0.0003521606901585,0.0003518531389571,,
2025-05-13,0.0,0.0,0.0,69.4,0.0,0.0,103760.89,104862.67,104862.67,101867.28,0.0289807997931409,0.0105624718837701,0.0184183279093708,0.0001354548712167,0.0001933605543825,,
2025-05-14,284.3,284.3,0.0,0.0,inf,,104114.11,103365.07,103365.07,104862.67,-0.0143844986528055,-0.0072204184943193,-0.0071640801584861,0.0001272628400652,0.0001330216796341,,
2025-05-15,409.7,409.7,0.0,284.3,1.4410833626450932,0.0,102517.48,103219.12,103219.12,103365.07,-0.0014129834841931,0.0068207865805625,-0.0082337700647557,0.0001869402053535,0.0002448034587112,,
2025-05-16,255.6,255.6,0.0,409.7,0.6238711252135709,0.0,103508.0,103935.1,103935.1,103219.12,0.0069125586821097,0.0041177614824567,0.002794797199653,9.552844559730684e-05,0.0001352669429206,,
2025-05-19,672.7,672.7,0.0,255.6,2.6318466353677623,0.0,102565.22,105494.8,105494.8,103520.01,0.0188967352495709,0.0281627736888163,-0.0092660384392453,0.00017114123321,0.0003659254198999,,
2025-05-20,323.0,323.0,0.0,672.7,0.4801546008621971,0.0,104614.01,106835.53,106835.53,105494.8,0.012628886501845,0.0210130676273407,-0.0083841811254957,0.0001571978660809,0.0002357988281523,,
2025-05-21,585.0,585.0,0.0,323.0,1.8111455108359134,0.0,106547.67,108698.4,108698.4,106835.53,0.0172865255039158,0.0199845839698449,-0.0026980584659291,0.0005185426279003,0.0004607429768538,,
2025-05-22,934.8000000000001,934.8000000000001,0.0,585.0,1.597948717948718,0.0,111480.57,111082.7,111082.7,108698.4,0.0216978943414902,-0.003575346676335,0.0252732410178252,0.0001964805225644,0.0002688599405923,,
2025-05-23,448.5,448.5,0.0,934.8000000000001,0.4797817715019255,0.0,108749.99,108696.79,108696.79,111082.7,-0.0217127060767455,-0.000489315142413,-0.0212233909343324,0.0002706167628893,0.0004686434452679,,
2025-05-27,419.40000000000003,419.40000000000003,0.0,448.5,0.9351170568561874,0.0,110632.15,109772.72,109772.72,109044.17,0.0066590169720671,-0.0077986875320806,0.0144577045041478,0.0001750599626864,0.0002084621919617,,
2025-05-28,481.0,481.0,0.0,419.40000000000003,1.1468764902241295,0.0,108702.0,106900.0,106900.0,109772.72,-0.0265182284447675,-0.0167163751909292,-0.0098018532538382,0.0001232189577028,0.0001679740445106,,
2025-05-29,125.1,125.1,0.0,481.0,0.26008316008316007,0.0,108256.16,105958.25,105958.25,106900.0,-0.0088486694298048,-0.021455121974137,0.0126064525443322,0.0002472806824949,0.000241942486286,,
2025-05-30,0.0,0.0,0.0,125.1,0.0,0.0,105536.26,104657.07,104657.07,105958.25,-0.0123561434627323,-0.0083655854099483,-0.0039905580527839,0.0001565565219362,0.000367398075562,,
2025-06-02,3.4,3.4,0.0,0.0,inf,,104007.14,104487.9,104487.9,105095.23,-0.0057956162786082,0.0046117245961036,-0.0104073408747119,0.0001057924134653,0.000175190781938,,
2025-06-03,368.0,368.0,0.0,3.4,108.23529411764706,0.0,105434.1,106168.02,106168.02,104487.9,0.0159516582885472,0.0069368203209381,0.009014837967609,0.0001033862922201,9.155963365186498e-05,,
2025-06-04,284.0,284.0,0.0,368.0,0.7717391304347826,0.0,104944.26,104930.24,104930.24,106168.02,-0.0117271851092943,-0.0001336036538107,-0.0115935814554836,6.690396905696642e-05,9.159882904281828e-05,,
2025-06-05,0.0,0.0,0.0,284.0,0.0,0.0,105661.13,101903.77,101903.77,104930.24,-0.0292668118060735,-0.0362081497597923,0.0069413379537188,0.0002110999081221,0.0003374078511371,,
2025-06-06,73.5,73.5,0.0,0.0,inf,,103953.48,104252.99,104252.99,101903.77,0.022791604722531,0.0028770499456372,0.0199145547768938,0.0001047392533299,0.0001193636681985,,
2025-06-09,380.90000000000003,380.90000000000003,0.0,73.5,5.182312925170068,0.0,107549.99,108545.67,108545.67,106291.17,0.0209887909712626,0.0092152433431044,0.0117735476281581,9.970144747926778e-05,0.0002109792613646,,
2025-06-10,431.79999999999995,431.79999999999995,0.0,380.90000000000003,1.1336308742452086,0.0,109701.53,109484.84,109484.84,108545.67,0.0086150861064027,-0.0019772221292237,0.0105923082356265,0.0001297963583766,0.0001368841294837,,
2025-06-11,164.6,164.6,0.0,431.79999999999995,0.381194997684113,0.0,109764.12,108750.57,108750.57,109484.84,-0.0067291808488648,-0.0092767883818811,0.0025476075330162,0.0001145193099098,0.000159648127205,,
2025-06-12,294.2,294.2,0.0,164.6,1.787363304981774,0.0,106744.5,106757.87,106757.87,108750.57,-0.0184935382896932,0.0001252445115009,-0.0186187828011941,0.0001287746426549,0.0004647988756394,,
2025-06-13,315.2,315.2,0.0,294.2,1.071380013596193,0.0,104830.01,105138.0,105138.0,106757.87,-0.0152896000903377,0.00293368709732,-0.0182232871876577,0.0001688697946574,0.0002407731597302,,
2025-06-16,407.40000000000003,407.40000000000003,0.0,315.2,1.2925126903553301,0.0,106784.79,108604.65,108604.65,105280.61,0.0310849626295724,0.0168987236090681,0.0141862390205043,0.000134040196274,0.0002625191576332,,
2025-06-17,639.2,639.2,0.0,407.40000000000003,1.5689739813451153,0.0,105689.3,104714.13,104714.13,108604.65,-0.0364801584720731,-0.0092695920654992,-0.0272105664065738,0.0001633346167523,0.0001537346575737,,
2025-06-18,394.59999999999997,394.59999999999997,0.0,639.2,0.6173341677096369,0.0,103863.8,103860.84,103860.84,104714.13,-0.0081821395966883,-2.8499267108674144e-05,-0.0081536403295796,0.0002957577255108,0.0001477617602799,,
2025-06-20,46.9,46.9,0.0,394.59999999999997,0.1188545362392296,0.0,106108.61,103359.01,103359.01,104263.97,-0.0087173946821872,-0.0262547303710436,0.0175373356888564,0.0002002449021656,0.000121137681918,,
2025-06-23,346.2,346.2,0.0,46.9,7.381663113006397,0.0,101135.33,103154.7,103154.7,98887.18,0.0422501988490326,0.0197702822257272,0.0224799166233054,0.0003559403383212,0.0003082584195298,,
2025-06-24,581.1,581.1,0.0,346.2,1.6785095320623917,0.0,105057.84,105556.1,105556.1,103154.7,0.0230127619489961,0.0047315095055224,0.0182812524434736,0.0001160904730953,0.0002237619721137,,
2025-06-25,547.7,547.7,0.0,581.1,0.9425228015832043,0.0,107739.0,107658.69,107658.69,105556.1,0.0197233799828841,-0.000745690482766,0.0204690704656501,0.0001186377180205,0.0001348806164043,,
2025-06-26,226.7,226.7,0.0,547.7,0.4139127259448603,0.0,107052.34,107471.28,107471.28,107658.69,-0.0017422960400023,0.0039057753414767,-0.0056480713814791,8.97835813908993e-05,0.0001328300891202,,
2025-06-27,493.20000000000005,493.20000000000005,0.0,226.7,2.1755624172915753,0.0,106715.62,106813.0,106813.0,107471.28,-0.0061440071177719,0.0009121026188539,-0.0070561097366258,0.0001002350535529,8.056337937380922e-05,,
2025-06-30,112.3,112.3,0.0,493.20000000000005,0.22769667477696673,0.0,107856.0,107725.23,107725.23,107400.6,0.0030180499144248,-0.0012131855453199,0.0042312354597447,8.472244337986919e-05,6.957561050350888e-05,,
2025-07-01,0.0,0.0,0.0,112.3,0.0,0.0,106684.21,105285.06,105285.06,107725.23,-0.0229122898336814,-0.0132016336200788,-0.0097106562136026,0.0001010642487895,9.020226111702934e-05,,
2025-07-02,391.3,391.3,0.0,0.0,inf,,107480.0,109595.0,109595.0,105285.06,0.0401202243032335,0.0194869692880246,0.0206332550152088,0.0001198213726011,9.320084268365237e-05,,
2025-07-03,596.0,596.0,0.0,391.3,1.5231280347559417,0.0,109499.99,109820.01,109820.01,109595.0,0.0020509998735022,0.002918294976467,-0.0008672951029647,0.0001231256772459,0.0001085694298233,,
2025-07-07,230.6,230.6,0.0,596.0,0.38691275167785233,0.0,108459.99,108024.53,108024.53,108545.66,-0.0048125829858854,-0.004023018249201,-0.0007895647366843,9.362605922227898e-05,8.2795500462256e-05,,
2025-07-08,75.3,75.3,0.0,230.6,0.32653946227233305,0.0,108856.0,108760.0,108760.0,108024.53,0.0067852888004499,-0.0008822881242874,0.0076675769247373,6.930321903922794e-05,4.215572071467116e-05,,
2025-07-09,199.89999999999998,199.89999999999998,0.0,75.3,2.6547144754316068,0.0,109532.0,111701.0,111701.0,108760.0,0.0266820388222882,0.0196089145801246,0.0070731242421636,0.0001368634080652,9.854209496009149e-05,,
2025-07-10,1133.9,1133.9,0.0,199.89999999999998,5.672336168084043,0.0,110996.15,113296.38,113296.38,111701.0,0.0141815583632737,0.0205117009237102,-0.0063301425604364,0.0001476831708196,0.0003815057533749,,
2025-07-11,1008.7,1008.7,0.0,1133.9,0.8895846194549784,0.0,117507.62,117982.0,117982.0,113296.38,0.0405248535071803,0.0040288879117083,0.0364959655954719,0.0001591898051127,0.0001960789795402,,
2025-07-14,410.4,410.4,0.0,1008.7,0.4068603152572618,0.0,121677.59,119813.91,119813.91,118916.09,0.0075216707819124,-0.01543505258152,0.0229567233634325,0.0001728032566126,0.0003311342681474,,
2025-07-15,454.8,454.8,0.0,410.4,1.1081871345029242,0.0,117716.38,116485.71,116485.71,119813.91,-0.0281711845866423,-0.0105095674199512,-0.017661617166691,0.0002771349807872,0.0002587316478447,,
2025-07-16,794.1,794.1,0.0,454.8,1.7460422163588392,0.0,118653.84,119198.67,119198.67,116485.71,0.0230229923128002,0.0045812503967333,0.0184417419160668,0.0002096438763662,0.0001815932146451,,
2025-07-17,517.3,517.3,0.0,794.1,0.6514292910212819,0.0,117811.99,119000.0,119000.0,119198.67,-0.0016681037393513,0.010033444391036,-0.0117015481303874,0.0001289677246275,0.0003054579533388,,
2025-07-18,499.90000000000003,499.90000000000003,0.0,517.3,0.9663638121012953,0.0,118683.0,117399.99,117399.99,119000.0,-0.0135366708964124,-0.0108692509466645,-0.0026674199497479,0.0001910488062067,0.0001663716295513,,
2025-07-21,0.0,0.0,0.0,499.90000000000003,0.0,0.0,118310.34,116700.01,116700.01,118129.99,-0.012179003325614,-0.0137045470852351,0.001525543759621,0.0001255422470116,0.0002249049570346,,
2025-07-22,7.5,7.5,0.0,0.0,inf,,119200.45,119246.01,119246.01,116700.01,0.0215820451068754,0.0003821402972761,0.0211999048095993,0.0001716316369368,0.0001978882267149,,
2025-07-23,142.6,142.6,0.0,7.5,19.013333333333332,0.0,118000.0,118415.06,118415.06,119246.01,-0.006992759782052,0.003511285841468,-0.0105040456235201,0.0001322382908021,0.0001559802046448,,
2025-07-24,218.79999999999998,218.79999999999998,0.0,142.6,1.5343618513323982,0.0,118631.17,118900.32,118900.32,118415.06,0.0040895847232399,0.0022662268080022,0.0018233579152376,0.00011570786725,0.0002311084136054,,
2025-07-25,172.5,172.5,0.0,218.79999999999998,0.7883912248628886,0.0,115964.0,116735.26,116735.26,118900.32,-0.0183768591285656,0.0066288377899504,-0.025005696918516,0.0001672886373582,0.0002563963470814,,
2025-07-28,178.3,178.3,0.0,172.5,1.0336231884057971,0.0,118660.0,118041.89,118041.89,118954.71,-0.0077032709660782,-0.0052226993624233,-0.0024805716036548,0.0001132507749199,0.0001472892679467,,
2025-07-29,163.4,163.4,0.0,178.3,0.9164329781267526,0.0,118982.85,117533.9,117533.9,118041.89,-0.0043127588567531,-0.0122525624672041,0.0079398036104509,0.0001001184476323,0.0001245752560393,,
2025-07-30,47.099999999999994,47.099999999999994,0.0,163.4,0.28824969400244793,0.0,117495.54,116918.18,116918.18,117533.9,-0.0052524286885404,-0.0049260014942228,-0.0003264271943175,0.0001287200861061,0.0001156233629885,,
2025-07-31,32.2,32.2,0.0,47.099999999999994,0.6836518046709131,0.0,118049.48,116783.99,116783.99,116918.18,-0.0011483848416754,-0.0107778695275431,0.0096294846858677,0.000118304603104,0.0002348287121125,,
2025-08-01,0.0,0.0,0.0,32.2,0.0,0.0,115502.99,113324.18,113324.18,116783.99,-0.0300734281065341,-0.019043856098091,-0.011029572008443,0.0002972739815889,0.0002887631944142,,
2025-08-04,18.7,18.7,0.0,0.0,inf,,114209.91,114666.6,114666.6,114260.44,0.0035483831544239,0.0039907162696302,-0.0004423331152063,9.38145095318792e-05,7.837430191770714e-05,,
2025-08-05,0.0,0.0,0.0,18.7,0.0,0.0,114080.0,113734.76,113734.76,114666.6,-0.008159716476546,-0.003030885832761,-0.005128830643785,0.0001515492900215,0.0001319455963494,,
2025-08-06,97.0,97.0,0.0,0.0,inf,,113868.13,115220.19,115220.19,113734.76,0.01297592248892,0.0118039688703607,0.0011719536185593,0.0001017047540463,9.040154071136604e-05,,
2025-08-07,260.6,260.6,0.0,97.0,2.68659793814433,0.0,116402.22,117486.0,117486.0,115220.19,0.0194741842271001,0.0092675702688306,0.0102066139582695,0.0001150156525346,0.0001272402567681,,
2025-08-08,390.5,390.5,0.0,260.6,1.4984650805832693,0.0,116691.13,116448.11,116448.11,117486.0,-0.0088734114922969,-0.0020847634917106,-0.0067886480005862,6.744796257497483e-05,3.941303958071845e-05,,
2025-08-11,163.89999999999998,163.89999999999998,0.0,390.5,0.41971830985915487,0.0,119516.02,118885.12,118885.12,118663.08,0.001869431674624,-0.0052927722812554,0.0071622039558795,0.000129026979465,0.0002252961522286,,
2025-08-12,111.4,111.4,0.0,163.89999999999998,0.6796827333740086,0.0,119198.06,119620.01,119620.01,118885.12,0.0061624865318002,0.0035336558834458,0.0026288306483544,0.0001367710153448,0.0001676378750327,,
2025-08-13,75.5,75.5,0.0,111.4,0.677737881508079,0.0,120610.41,122704.04,122704.04,119620.01,0.0254551417957251,0.0172096780343672,0.0082454637613578,0.0002130090639714,0.0002170670545566,,
2025-08-14,523.7,523.7,0.0,75.5,6.936423841059603,0.0,118165.16,117916.89,117916.89,122704.04,-0.0397952227297161,-0.0021032525896998,-0.0376919701400163,0.0002127241774982,0.0004386065505881,,
2025-08-15,114.4,114.4,0.0,523.7,0.21844567500477372,0.0,118326.19,116936.14,116936.14,117916.89,-0.0083520804581071,-0.0118171589656409,0.0034650785075338,0.0001608988686145,0.0001192318685295,,
2025-08-18,12.7,12.7,0.0,114.4,0.111013986013986,0.0,115736.16,116330.7,116330.7,117564.0,-0.0105458689755403,0.0051238793920061,-0.0156697483675465,0.000100095228785,0.0001909817102923,,
2025-08-19,0.0,0.0,0.0,12.7,0.0,0.0,115868.01,113207.71,113207.71,116330.7,-0.0272127241845959,-0.0232274254515115,-0.0039852987330843,0.0001586038139216,0.0001742953528302,,
2025-08-20,0.6,0.6,0.0,0.0,inf,,113230.0,114182.96,114182.96,113207.71,0.0085778011894046,0.0083809258538255,0.0001968753355791,0.0002038381842104,0.0001229359297709,,
2025-08-21,3.2,3.2,0.0,0.6,5.333333333333334,0.0,113134.57,112233.6,112233.6,114182.96,-0.0172196606813013,-0.0079955816286028,-0.0092240790526984,0.0001329278140628,0.0001289287734277,,
2025-08-22,175.6,175.6,0.0,3.2,54.87499999999999,0.0,112088.48,116606.13,116606.13,112233.6,0.0382194319348124,0.0395132860239414,-0.001293854089129,0.0003715168286161,0.0001379259193199,,
2025-08-25,211.7,211.7,0.0,175.6,1.2055808656036446,0.0,111435.17,110708.32,110708.32,112424.0,-0.0153784428231657,-0.0065439918484505,-0.0088344509747152,0.0001757610516151,0.0004710263861851,,
2025-08-26,76.8,76.8,0.0,211.7,0.3627775153519131,0.0,109718.1,111012.15,111012.15,110708.32,0.0027406598062659,0.0117253056684954,-0.0089846458622294,0.0001911423456454,0.0002033795371152,,
2025-08-27,84.4,84.4,0.0,76.8,1.0989583333333335,0.0,111019.03,112102.22,112102.22,111012.15,0.0097714788471334,0.0097095055693063,6.197327782714833e-05,0.000173552167481,0.0003296419993258,,
2025-08-28,173.4,173.4,0.0,84.4,2.0545023696682465,0.0,113183.9,111890.72,111890.72,112102.22,-0.0018884529383402,-0.0114912488152376,0.0096027958768974,0.0001321580556019,0.0001195755676481,,
2025-08-29,26.900000000000002,26.900000000000002,0.0,173.4,0.15513264129181084,0.0,110296.51,108168.0,108168.0,111890.72,-0.0338371066338803,-0.0194867107232658,-0.0143503959106145,0.0002638879781432,0.0002599264567854,,
2025-09-02,323.5,323.5,0.0,26.900000000000002,12.026022304832713,0.0,109249.08,110729.44,110729.44,109193.19,0.0139710496217173,0.0134593354629185,0.0005117141587988,0.0002177086821612,0.0001706631876873,,
2025-09-03,299.6,299.6,0.0,323.5,0.9261205564142195,0.0,111368.6,112158.01,112158.01,110729.44,0.0128189322676514,0.007063260002429,0.0057556722652223,0.0001313646478723,0.0001111652333794,,
2025-09-04,134.8,134.8,0.0,299.6,0.4499332443257677,0.0,110665.73,109950.35,109950.35,112158.01,-0.0198797803573565,-0.0064853160963142,-0.0133944642610422,9.755339181200148e-05,0.0001434702441284,,
2025-09-05,0.0,0.0,0.0,134.8,0.0,0.0,112892.57,111643.45,111643.45,109950.35,0.0152814108319979,-0.0111263474454643,0.0264077582774622,0.000177832517925,0.0002597301639265,,
2025-09-08,352.4,352.4,0.0,0.0,inf,,112266.97,112138.81,112138.81,111223.03,0.0082000142140003,-0.0011422166927586,0.009342230906759,6.058962905500028e-05,9.554762614617388e-05,,
2025-09-09,169.3,169.3,0.0,352.4,0.4804199772985245,0.0,112765.27,111288.01,111288.01,112138.81,-0.0076159532896776,-0.0131868759709444,0.0055709226812667,8.689831850438203e-05,0.0001245477384008,,
2025-09-10,723.9,723.9,0.0,169.3,4.275841701122268,0.0,113531.42,113566.02,113566.02,111288.01,0.0202628162093021,0.0003047150180796,0.0199581011912225,6.977934239138026e-05,0.0001648683192521,,
2025-09-11,552.7,552.7,0.0,723.9,0.7635032463047383,0.0,113839.99,114413.56,114413.56,113566.02,0.0074352615664143,0.0050257374509225,0.0024095241154917,7.083621248389807e-05,0.0001442814431002,,
2025-09-12,636.7,636.7,0.0,552.7,1.1519811832820699,0.0,114895.24,116475.38,116475.38,114413.56,0.0178603168102919,0.0136591635317582,0.0042011532785337,6.781208624758536e-05,6.897814871033417e-05,,
2025-09-15,272.6,272.6,0.0,636.7,0.42814512329197424,0.0,115020.0,115297.14,115297.14,115634.99,-0.0029259699898515,0.0024065958248645,-0.0053325658147161,7.398235674095833e-05,0.0001184269029362,,
2025-09-16,303.1,303.1,0.0,272.6,1.1118855465884079,0.0,115451.78,116765.08,116765.08,115297.14,0.0126514309796958,0.0113110994786795,0.0013403315010162,8.352998540546628e-05,7.9385699929851e-05,,
2025-09-17,149.7,149.7,0.0,303.1,0.4938964038271197,0.0,116205.76,115685.91,115685.91,116765.08,-0.0092852067731049,-0.0044835665796109,-0.0048016401934939,0.0001978507907874,0.0001387312954528,,
2025-09-18,152.1,152.1,0.0,149.7,1.0160320641282565,0.0,117398.0,117425.96,117425.96,115685.91,0.0149291609937028,0.0002381358370087,0.0146910251566941,4.992873512376454e-05,8.127747444343844e-05,,
2025-09-19,246.1,246.1,0.0,152.1,1.6180144641683103,0.0,116220.01,115129.33,115129.33,117425.96,-0.0197519021505085,-0.009428927530408,-0.0103229746201004,4.061905172672493e-05,4.530980826513654e-05,,
2025-09-22,0.0,0.0,0.0,246.1,0.0,0.0,112877.16,112107.31,112107.31,115502.64,-0.0298368492571713,-0.0068436101803656,-0.0229932390768056,7.705476598338353e-05,0.0002927640808309,,
2025-09-23,12.5,12.5,0.0,0.0,inf,,112852.06,111670.11,111670.11,112107.31,-0.0039074590838754,-0.0105286789143921,0.0066212198305166,6.809270915832002e-05,0.000104183049103,,
2025-09-24,227.4,227.4,0.0,12.5,18.192,0.0,113034.46,113507.85,113507.85,111670.11,0.0163229190229642,0.0041792695504036,0.0121436494725605,6.00026432473713e-05,0.0001279419051076,,
2025-09-25,79.7,79.7,0.0,227.4,0.35048372911169745,0.0,111551.86,109404.54,109404.54,113507.85,-0.0368196093126616,-0.0194372066639471,-0.0173824026487145,0.0001724074620677,0.0002354911748594,,
2025-09-26,0.0,0.0,0.0,79.7,0.0,0.0,109023.13,109135.93,109135.93,109404.54,-0.002458218702137,0.0010341079582224,-0.0034923266603594,0.0001054147450693,0.0001154215535691,,
2025-09-29,517.5,517.5,0.0,0.0,inf,,112094.77,114256.59,114256.59,110356.93,0.0347267777238825,0.0191020344187985,0.015624743305084,8.42393321807138e-05,8.8090133099469e-05,,
2025-09-30,429.9,429.9,0.0,517.5,0.8307246376811593,0.0,113264.82,114496.61,114496.61,114256.59,0.0020985069330786,0.0108165988403476,-0.008718091907269,7.819478826176148e-05,0.0001061584088138,,
2025-10-01,665.9000000000001,665.9000000000001,0.0,429.9,1.5489648755524543,0.0,116537.19,117347.78,117347.78,114496.61,0.0245967887816274,0.0069315548194073,0.01766523396222,8.355743472544566e-05,0.0001618761525239,,
2025-10-02,617.0,617.0,0.0,665.9000000000001,0.9265655503829403,0.0,119107.01,120744.12,120744.12,117347.78,0.0285315913441096,0.0136512629632172,0.0148803283808923,0.00011431065049,0.0001004089417067,,
2025-10-03,965.0,965.0,0.0,617.0,1.5640194489465153,0.0,120472.11,122580.86,122580.86,120744.12,0.0150972981645376,0.0173526200000351,-0.0022553218354974,0.0002635863138238,8.392094806712349e-05,,
2025-10-06,1174.6,1174.6,0.0,965.0,1.21720207253886,0.0,124790.73,125381.56,125381.56,122521.17,0.0230777365639136,0.0047233936138415,0.0183543429500721,0.0001010794430816,0.0001437407503385,,
2025-10-07,904.1999999999999,904.1999999999999,0.0,1174.6,0.7697939724161417,0.0,124694.77,121742.98,121742.98,125381.56,-0.0294494667814346,-0.0239568099861084,-0.0054926567953261,0.0001940426024186,0.0001404998332955,,
2025-10-08,439.59999999999997,439.59999999999997,0.0,904.1999999999999,0.48617562486175625,0.0,122401.02,123414.56,123414.56,121742.98,0.0136369936237389,0.008246391409672,0.0053906022140668,0.0001558136788704,0.0001588339215228,,
2025-10-09,262.1,262.1,0.0,439.59999999999997,0.5962238398544132,0.0,123301.61,120992.58,120992.58,123414.56,-0.0198198733841075,-0.0189042462657781,-0.0009156271183293,0.0001702574448164,0.0001445775849431,,
2025-10-10,74.2,74.2,0.0,262.1,0.2830980541777947,0.0,121836.23,116734.0,116734.0,120992.58,-0.0358313792127946,-0.042779923699275,0.0069485444864804,0.0003601992770974,0.0053516440551043,,
2025-10-13,60.4,60.4,0.0,74.2,0.8140161725067385,0.0,114861.36,115740.01,115740.01,114399.44,0.0116501987174205,0.0076205466787095,0.0040296520387109,0.0002471464133933,0.0002733469401094,,
2025-10-14,147.5,147.5,0.0,60.4,2.44205298013245,0.0,110512.01,112749.48,112749.48,115740.01,-0.0261780161474818,0.0200441635642362,-0.046222179711718,0.0003776225559787,0.0004571379990109,,
2025-10-15,0.0,0.0,0.0,147.5,0.0,0.0,111419.99,111399.99,111399.99,112749.48,-0.0120411286721871,-0.0001795171155989,-0.0118616115565882,0.0002287211335945,0.0003478214509121,,
2025-10-16,0.0,0.0,0.0,0.0,,,111238.9,108282.98,108282.98,111399.99,-0.0283792521179483,-0.0269321551789417,-0.0014470969390066,0.0004431913047479,0.0004475911194714,,
2025-10-17,0.0,0.0,0.0,0.0,,,105406.6,106454.59,106454.59,108282.98,-0.0170294763635923,0.0098932565024069,-0.0269227328659993,0.0003355491745146,0.0005234717364119,,
2025-10-20,52.9,52.9,0.0,0.0,inf,,110797.83,110686.32,110686.32,108858.87,0.0166479821953238,-0.0010069344413297,0.0176549166366535,0.0001780143101411,0.0002052222770787,,
2025-10-21,463.3,463.3,0.0,52.9,8.75803402646503,0.0,108630.16,111750.01,111750.01,110686.32,0.0095640681366095,0.0283152376449325,-0.018751169508323,0.0003501722529564,0.0006776664503116,,
2025-10-22,75.69999999999999,75.69999999999999,0.0,463.3,0.1633930498597021,0.0,107994.02,107954.0,107954.0,111750.01,-0.0345591125130506,-0.0003706447547716,-0.0341884677582789,0.0003551823329265,0.0003878500664088,,
2025-10-23,132.4,132.4,0.0,75.69999999999999,1.7490092470277414,0.0,109109.12,110092.78,110092.78,107954.0,0.0196182543638924,0.0089749824507388,0.0106432719131536,0.0001739991601811,0.0002508823744522,,
2025-10-24,90.6,90.6,0.0,132.4,0.6842900302114803,0.0,111241.54,110488.94,110488.94,110092.78,0.0035919606207071,-0.0067884477602841,0.0103804083809912,0.0001361170777546,0.000198430080683,,
2025-10-27,141.7,141.7,0.0,90.6,1.56401766004415,0.0,115257.99,114820.0,114820.0,113565.0,0.010990324516111,-0.0038073222830306,0.0147976467991416,9.05484681821667e-05,0.000176761797698,,
2025-10-28,202.4,202.4,0.0,141.7,1.4283697953422725,0.0,114984.58,113620.0,113620.0,114820.0,-0.0105061376105099,-0.0119384852872879,0.001432347676778,0.0001715555267736,0.0002065690854054,,
2025-10-29,0.0,0.0,0.0,202.4,0.0,0.0,113509.3,110761.47,110761.47,113620.0,-0.0254805769749628,-0.0245058017366693,-0.0009747752382934,0.0005217891074467,0.0001787452286101,,
2025-10-30,0.0,0.0,0.0,0.0,,,108529.2,106531.96,106531.96,110761.47,-0.0389339361269914,-0.0185742271699691,-0.0203597089570222,0.0002696532165537,0.0005114912900042,,
2025-10-31,6.9,6.9,0.0,0.0,inf,,109842.66,109777.26,109777.26,106531.96,0.0300083697743084,-0.0005955744081244,0.0306039441824328,0.0002700276095564,0.000223256537206,,
2025-11-03,0.0,0.0,0.0,6.9,0.0,0.0,107640.0,106841.28,106841.28,110078.69,-0.029851104976546,-0.0074479571570748,-0.0224031478194712,0.0003652817399231,0.0004004257953656,,
2025-11-04,0.0,0.0,0.0,0.0,,,103738.16,100747.36,100747.36,106841.28,-0.0587283716921002,-0.0292540351071124,-0.0294743365849878,0.000749624813145,0.0009559020445254,,
2025-11-05,216.9,216.9,0.0,0.0,inf,,102785.76,103657.09,103657.09,100747.36,0.028472242813131,0.0084414177973497,0.0200308250157813,0.0002188432345033,0.0003789126375957,,
2025-11-06,239.9,239.9,0.0,216.9,1.1060396496081144,0.0,102824.29,100966.49,100966.49,103657.09,-0.0262995602115033,-0.0182329295459207,-0.0080666306655826,0.0004202971533706,0.0003932918839033,,
2025-11-07,0.0,0.0,0.0,239.9,0.0,0.0,100124.64,103579.84,103579.84,100966.49,0.0255540366836457,0.0339269064183619,-0.0083728697347161,0.0003938585885688,0.0003626103195719,,
2025-11-10,1.2,1.2,0.0,0.0,inf,,106137.33,105887.0,105887.0,104591.98,0.012305612102698,-0.002361333874446,0.014666945977144,0.0001793114995247,0.0002929414395494,,
2025-11-11,499.9,499.9,0.0,1.2,416.5833333333333,0.0,104420.01,102895.96,102895.96,105887.0,-0.0286541071034386,-0.014702943099095,-0.0139511640043435,0.0001767634414643,0.0002322196478304,,
2025-11-12,0.0,0.0,0.0,499.9,0.0,0.0,104824.0,101568.25,101568.25,102895.96,-0.0129873943443194,-0.0315517669962025,0.018564372651883,0.0002794359785635,0.000360799915023,,
2025-11-13,0.0,0.0,0.0,0.0,,,102376.0,98021.0,98021.0,101568.25,-0.0355492448771282,-0.0434705687063414,0.0079213238292131,0.0006202122543322,0.000723823231714,,
2025-11-14,0.0,0.0,0.0,0.0,,,95517.03,94396.93,94396.93,98021.0,-0.0376731899927643,-0.0117960047598825,-0.0258771852328817,0.0004918697006963,0.0009632337544156,,
2025-11-17,0.0,0.0,0.0,0.0,,,94099.99,92039.21,92039.21,94180.0,-0.0229931629097643,-0.0221432584157586,-0.0008499044940057,0.0006069236499732,0.0005998069240324,,
2025-11-18,10.8,10.8,0.0,0.0,inf,,91811.14,92786.1,92786.1,92039.21,0.0080821621849362,0.0105632030640165,-0.0024810408790802,0.000418212429996,0.0004520895022765,,
2025-11-19,60.6,60.6,0.0,10.8,5.611111111111111,0.0,91187.03,89598.82,89598.82,92786.1,-0.0349546938392731,-0.0175705218031982,-0.0173841720360748,0.0003615176838797,0.0004857084579325,,
2025-11-20,0.0,0.0,0.0,60.6,0.0,0.0,91412.58,86607.72,86607.72,89598.82,-0.0339531931596055,-0.0539941486588206,0.020040955499215,0.0006471013384707,0.0007764465007298,,
2025-11-21,275.5,275.5,0.0,0.0,inf,,84109.49,84622.69,84622.69,86607.72,-0.0231865231299093,0.0060830314941184,-0.0292695546240278,0.0009265079304223,0.0017066934219426,,
2025-11-24,15.5,15.5,0.0,275.5,0.056261343012704176,0.0,86086.08,88975.07,88975.07,87440.34,0.0173994858924675,0.0330084922443803,-0.0156090063519127,0.0003471023355977,0.0003939218911004,,
2025-11-25,253.8,253.8,0.0,15.5,16.374193548387098,0.0,86952.0,87394.0,87394.0,88975.07,-0.0179295877143997,0.0050703881585092,-0.0229999758729089,0.0002536632334823,0.0003100879941751,,
2025-11-26,54.4,54.4,0.0,253.8,0.2143420015760441,0.0,87416.97,89933.84,89933.84,87394.0,0.0286476584730978,0.0283848603188149,0.0002627981542828,0.000289601049153,0.0002753511033393,,
2025-11-28,176.2,176.2,0.0,54.4,3.238970588235294,0.0,92646.7,91211.28,91211.28,91409.75,-0.0021735730889039,-0.0156147605375935,0.0134411874486895,0.0001862820939369,0.0002179041010128,,
2025-12-01,74.4,74.4,0.0,176.2,0.4222474460839955,0.0,,,,,,,,,,,
